group_key,word,count,total_group_count,is_main,variation_rank
touching,touching,224,226,TRUE,1
touching,touuching,1,226,FALSE,2
touching,tuching,1,226,FALSE,3
watching,watching,222,226,TRUE,1
watching,whatching,1,226,FALSE,2
watching,wathcing,1,226,FALSE,3
watching,wathing,1,226,FALSE,4
watching,wating,1,226,FALSE,5
trying,trying,215,218,TRUE,1
trying,triyng,1,218,FALSE,2
trying,tryng,1,218,FALSE,3
trying,tying,1,218,FALSE,4
arm,arm,208,213,TRUE,1
arm,arms,5,213,FALSE,2
attention,attention,211,212,TRUE,1
attention,attencion,1,212,FALSE,2
touch,touch,103,204,TRUE,1
touch,touch,93,204,FALSE,2
touch,touchy,4,204,FALSE,3
touch,tuch,1,204,FALSE,4
touch,tousch,2,204,FALSE,5
touch,touchs,1,204,FALSE,6
friend,friend,174,203,TRUE,1
friend,friends,23,203,FALSE,2
friend,friendly,5,203,FALSE,3
friend,frienfd,1,203,FALSE,4
something,something,184,184,TRUE,1
talking,talking,164,166,TRUE,1
talking,talkin,1,166,FALSE,2
talking,taliking,1,166,FALSE,3
sitting,sitting,153,154,TRUE,1
sitting,siting,1,154,FALSE,2
person,person,132,153,TRUE,1
person,persona,2,153,FALSE,2
person,personal,14,153,FALSE,3
person,persons,4,153,FALSE,4
person,peron,1,153,FALSE,5
get,get,149,151,TRUE,1
get,gets,2,151,FALSE,2
hand,hand,129,141,TRUE,1
hand,hands,12,141,FALSE,2
wants,wants,92,118,TRUE,1
wants,want,19,118,FALSE,2
wants,wanting,7,118,FALSE,3
tv,tv,113,113,TRUE,1
rubbing,rubbing,105,108,TRUE,1
rubbing,rubing,3,108,FALSE,2
child,child,97,100,TRUE,1
child,children,2,100,FALSE,2
child,chid,1,100,FALSE,3
back,back,94,94,TRUE,1
shoulder,shoulder,84,92,TRUE,1
shoulder,shoulders,7,92,FALSE,2
shoulder,shouder,1,92,FALSE,3
someone,someone,91,91,TRUE,1
movie,movie,89,89,TRUE,1
partner,partner,83,87,TRUE,1
partner,partener,1,87,FALSE,2
partner,partnet,1,87,FALSE,3
partner,parter,1,87,FALSE,4
partner,partners,1,87,FALSE,5
feel,feel,68,79,TRUE,1
feel,feels,11,79,FALSE,2
forearm,forearm,76,77,TRUE,1
forearm,forarm,1,77,FALSE,2
gentle,gentle,56,75,TRUE,1
gentle,gentle,19,75,FALSE,2
finger,finger,67,73,TRUE,1
finger,fingers,5,73,FALSE,2
finger,finnger,1,73,FALSE,3
tapping,tapping,71,73,TRUE,1
tapping,tapiing,1,73,FALSE,2
tapping,taping,1,73,FALSE,3
comfort,comfort,51,69,TRUE,1
comfort,confort,5,69,FALSE,2
comfort,comforted,8,69,FALSE,3
comfort,comforts,4,69,FALSE,4
comfort,conforts,1,69,FALSE,5
comforting,comforting,64,66,TRUE,1
comforting,conforting,2,66,FALSE,2
like,like,58,62,TRUE,1
like,likes,4,62,FALSE,2
im,im,60,60,TRUE,1
time,time,41,58,TRUE,1
time,times,17,58,FALSE,2
day,day,4,58,TRUE,1
day,day,54,58,FALSE,2
way,way,56,57,TRUE,1
way,ways,1,57,FALSE,2
conversation,conversation,57,57,TRUE,1
doctor,doctor,53,56,TRUE,1
doctor,doctors,2,56,FALSE,2
doctor,doctot,1,56,FALSE,3
sad,sad,56,56,TRUE,1
work,work,52,52,TRUE,1
couch,couch,50,50,TRUE,1
ask,ask,22,50,TRUE,1
ask,ask,28,50,FALSE,2
family,family,48,49,TRUE,1
family,familly,1,49,FALSE,2
relaxing,relaxing,49,49,TRUE,1
bed,bed,48,48,TRUE,1
telling,telling,47,47,TRUE,1
together,together,46,46,TRUE,1
news,news,46,46,TRUE,1
chilling,chilling,44,45,TRUE,1
chilling,chillung,1,45,FALSE,2
playing,playing,45,45,TRUE,1
bad,bad,45,45,TRUE,1
colleague,colleague,1,44,TRUE,1
colleague,colleague,39,44,FALSE,2
colleague,collegue,2,44,FALSE,3
colleague,colleaue,1,44,FALSE,4
colleague,colleagues,1,44,FALSE,5
next,next,43,43,TRUE,1
waiting,waiting,43,43,TRUE,1
feeling,feeling,40,42,TRUE,1
feeling,feelings,2,42,FALSE,2
need,need,27,42,TRUE,1
need,needs,15,42,FALSE,2
leg,leg,40,42,TRUE,1
leg,legs,2,42,FALSE,2
stranger,stranger,36,40,TRUE,1
stranger,strange,3,40,FALSE,2
stranger,strangers,1,40,FALSE,3
face,face,39,39,TRUE,1
talk,talk,36,37,TRUE,1
talk,talks,1,37,FALSE,2
home,home,37,37,TRUE,1
poking,poking,35,36,TRUE,1
poking,pocking,1,36,FALSE,2
situation,situation,33,35,TRUE,1
situation,situational,1,35,FALSE,2
situation,station,1,35,FALSE,3
caress,caress,16,34,TRUE,1
caress,carecing,1,34,FALSE,2
caress,caresing,1,34,FALSE,3
caress,caresses,12,34,FALSE,4
caress,caressed,1,34,FALSE,5
caress,caress,3,34,FALSE,6
starts,starts,27,34,TRUE,1
starts,start,7,34,FALSE,2
upset,upset,4,33,TRUE,1
upset,upset,29,33,FALSE,2
one,one,33,33,TRUE,1
cuddling,cuddling,31,32,TRUE,1
cuddling,coudling,1,32,FALSE,2
mother,mother,30,32,TRUE,1
mother,aother,1,32,FALSE,2
mother,mohter,1,32,FALSE,3
happened,happened,25,32,TRUE,1
happened,happens,4,32,FALSE,2
happened,happen,2,32,FALSE,3
happened,happend,1,32,FALSE,4
sofa,sofa,32,32,TRUE,1
going,going,32,32,TRUE,1
life,life,28,32,TRUE,1
life,lives,3,32,FALSE,2
life,lifes,1,32,FALSE,3
nt,nt,32,32,TRUE,1
table,table,28,31,TRUE,1
table,able,1,31,FALSE,2
table,tables,2,31,FALSE,3
show,show,31,31,TRUE,1
working,working,1,30,TRUE,1
working,working,29,30,FALSE,2
walk,walk,22,30,TRUE,1
walk,walk,5,30,FALSE,2
walk,walks,3,30,FALSE,3
around,around,30,30,TRUE,1
video,video,26,30,TRUE,1
video,videos,4,30,FALSE,2
take,take,10,29,TRUE,1
take,taking,17,29,FALSE,2
take,takes,2,29,FALSE,3
member,member,27,28,TRUE,1
member,members,1,28,FALSE,2
getting,getting,28,28,TRUE,1
chat,chat,21,28,TRUE,1
chat,chat,7,28,FALSE,2
girlfriend,girlfriend,26,27,TRUE,1
girlfriend,girlfirend,1,27,FALSE,2
pain,pain,27,27,TRUE,1
touched,touched,25,27,TRUE,1
touched,toutches,1,27,FALSE,2
touched,touhches,1,27,FALSE,3
skin,skin,26,26,TRUE,1
patting,patting,22,26,TRUE,1
patting,petting,4,26,FALSE,2
know,know,25,26,TRUE,1
know,knows,1,26,FALSE,2
romantic,romantic,25,25,TRUE,1
try,try,12,25,TRUE,1
try,tries,13,25,FALSE,2
make,make,25,25,TRUE,1
comes,comes,21,25,TRUE,1
comes,come,4,25,FALSE,2
behind,behind,25,25,TRUE,1
rub,rub,16,25,TRUE,1
rub,rub,9,25,FALSE,2
lying,lying,24,24,TRUE,1
maybe,maybe,24,24,TRUE,1
checking,checking,24,24,TRUE,1
head,head,24,24,TRUE,1
asleep,asleep,16,24,TRUE,1
asleep,sleep,8,24,FALSE,2
massage,massage,19,24,TRUE,1
massage,massages,3,24,FALSE,2
massage,massaged,2,24,FALSE,3
catch,catch,7,22,TRUE,1
catch,catch,15,22,FALSE,2
phone,phone,20,22,TRUE,1
phone,phones,2,22,FALSE,2
problems,problems,16,22,TRUE,1
problems,problem,6,22,FALSE,2
emotional,emotional,18,22,TRUE,1
emotional,emotions,2,22,FALSE,2
emotional,emotionally,2,22,FALSE,3
cry,cry,21,22,TRUE,1
cry,cry,1,22,FALSE,2
see,see,22,22,TRUE,1
affection,affection,21,21,TRUE,1
making,making,21,21,TRUE,1
reassured,reassured,15,21,TRUE,1
reassured,reassure,4,21,FALSE,2
reassured,reassured,2,21,FALSE,3
calm,calm,20,21,TRUE,1
calm,calms,1,21,FALSE,2
husband,husband,20,21,TRUE,1
husband,housband,1,21,FALSE,2
therapist,therapist,21,21,TRUE,1
stroking,stroking,21,21,TRUE,1
outside,outside,21,21,TRUE,1
another,another,20,20,TRUE,1
dinner,dinner,20,20,TRUE,1
people,people,20,20,TRUE,1
wake,wake,8,20,TRUE,1
wake,wake,9,20,FALSE,2
wake,wakes,1,20,FALSE,3
wake,awake,2,20,FALSE,4
good,good,19,19,TRUE,1
left,left,19,19,TRUE,1
pressure,pressure,18,19,TRUE,1
pressure,presure,1,19,FALSE,2
would,would,18,18,TRUE,1
close,close,2,18,TRUE,1
close,close,14,18,FALSE,2
close,closer,2,18,FALSE,3
repeatedly,repeatedly,3,18,TRUE,1
repeatedly,repeatedly,15,18,FALSE,2
television,television,18,18,TRUE,1
mom,mom,18,18,TRUE,1
area,area,16,18,TRUE,1
area,areas,2,18,FALSE,2
annoy,annoy,18,18,TRUE,1
sister,sister,16,17,TRUE,1
sister,sisters,1,17,FALSE,2
room,room,17,17,TRUE,1
probably,probably,17,17,TRUE,1
question,question,3,17,TRUE,1
question,question,14,17,FALSE,2
grab,grab,14,17,TRUE,1
grab,grabs,3,17,FALSE,2
play,play,2,17,TRUE,1
play,play,15,17,FALSE,2
hurt,hurt,11,17,TRUE,1
hurt,hurts,6,17,FALSE,2
kid,kid,11,17,TRUE,1
kid,kids,6,17,FALSE,2
taps,taps,12,17,TRUE,1
taps,tap,5,17,FALSE,2
pats,pats,12,16,TRUE,1
pats,pat,4,16,FALSE,2
laying,laying,16,16,TRUE,1
watch,watch,15,16,TRUE,1
watch,watches,1,16,FALSE,2
class,class,16,16,TRUE,1
bored,bored,16,16,TRUE,1
us,us,16,16,TRUE,1
son,son,16,16,TRUE,1
calling,calling,16,16,TRUE,1
things,things,12,16,TRUE,1
things,thing,4,16,FALSE,2
long,long,16,16,TRUE,1
told,told,15,15,TRUE,1
check,check,2,15,TRUE,1
check,check,13,15,FALSE,2
looking,looking,15,15,TRUE,1
share,share,11,15,TRUE,1
share,shared,4,15,FALSE,2
tell,tell,13,15,TRUE,1
tell,tells,2,15,FALSE,2
hear,hear,8,15,TRUE,1
hear,heard,3,15,FALSE,2
hear,hearing,4,15,FALSE,3
boyfriend,boyfriend,14,15,TRUE,1
boyfriend,byofriend,1,15,FALSE,2
annoying,annoying,14,15,TRUE,1
annoying,annoyingly,1,15,FALSE,2
looks,looks,8,15,TRUE,1
looks,look,7,15,FALSE,2
moment,moment,14,15,TRUE,1
moment,momment,1,15,FALSE,2
received,received,12,15,TRUE,1
received,receive,3,15,FALSE,2
else,else,15,15,TRUE,1
consoling,consoling,14,14,TRUE,1
neck,neck,14,14,TRUE,1
came,came,1,14,TRUE,1
came,came,13,14,FALSE,2
playful,playful,5,14,TRUE,1
playful,playful,9,14,FALSE,2
music,music,14,14,TRUE,1
body,body,14,14,TRUE,1
difficult,difficult,12,14,TRUE,1
difficult,difficulty,2,14,FALSE,2
na,na,14,14,TRUE,1
game,game,8,13,TRUE,1
game,games,5,13,FALSE,2
lost,lost,13,13,TRUE,1
fun,fun,13,13,TRUE,1
listening,listening,13,13,TRUE,1
lightly,lightly,13,13,TRUE,1
nervous,nervous,10,13,TRUE,1
nervous,nervious,1,13,FALSE,2
nervous,nervously,1,13,FALSE,3
nervous,nerveous,1,13,FALSE,4
showing,showing,13,13,TRUE,1
reading,reading,13,13,TRUE,1
sit,sit,13,13,TRUE,1
lunch,lunch,13,13,TRUE,1
could,could,13,13,TRUE,1
giving,giving,13,13,TRUE,1
hugging,hugging,13,13,TRUE,1
distracted,distracted,11,13,TRUE,1
distracted,distract,1,13,FALSE,2
distracted,distractly,1,13,FALSE,3
went,went,13,13,TRUE,1
strokes,strokes,2,12,TRUE,1
strokes,strokes,8,12,FALSE,2
strokes,stroke,2,12,FALSE,3
calming,calming,11,12,TRUE,1
calming,calmimg,1,12,FALSE,2
love,love,1,12,TRUE,1
love,love,6,12,FALSE,2
love,loved,5,12,FALSE,3
using,using,12,12,TRUE,1
exam,exam,2,12,TRUE,1
exam,exam,10,12,FALSE,2
chest,chest,12,12,TRUE,1
massaging,massaging,12,12,TRUE,1
test,test,4,12,TRUE,1
test,test,8,12,FALSE,2
meeting,meeting,12,12,TRUE,1
cared,cared,12,12,TRUE,1
currently,currently,3,12,TRUE,1
currently,currently,9,12,FALSE,2
two,two,12,12,TRUE,1
cold,cold,12,12,TRUE,1
cream,cream,12,12,TRUE,1
softly,softly,12,12,TRUE,1
nephew,nephew,12,12,TRUE,1
brother,brother,1,12,TRUE,1
brother,brother,9,12,FALSE,2
brother,bothers,2,12,FALSE,3
coffee,coffee,11,12,TRUE,1
coffee,cofee,1,12,FALSE,2
stress,stress,3,11,TRUE,1
stress,stressed,8,11,FALSE,2
food,food,11,11,TRUE,1
front,front,11,11,TRUE,1
coworker,coworker,7,11,TRUE,1
coworker,coworkers,3,11,FALSE,2
coworker,worker,1,11,FALSE,3
speak,speak,8,11,TRUE,1
speak,speak,3,11,FALSE,2
date,date,10,11,TRUE,1
date,dates,1,11,FALSE,2
street,street,11,11,TRUE,1
help,help,10,11,TRUE,1
help,helps,1,11,FALSE,2
pass,pass,6,11,TRUE,1
pass,passing,5,11,FALSE,2
call,call,11,11,TRUE,1
warm,warm,11,11,TRUE,1
hair,hair,10,11,TRUE,1
hair,hairs,1,11,FALSE,2
jokingly,jokingly,8,11,TRUE,1
jokingly,jokingly,3,11,FALSE,2
wife,wife,11,11,TRUE,1
part,part,11,11,TRUE,1
bus,bus,11,11,TRUE,1
go,go,11,11,TRUE,1
order,order,10,11,TRUE,1
order,orders,1,11,FALSE,2
cheer,cheer,11,11,TRUE,1
discussing,discussing,8,10,TRUE,1
discussing,discussion,2,10,FALSE,2
drinking,drinking,10,10,TRUE,1
hanging,hanging,10,10,TRUE,1
examining,examining,10,10,TRUE,1
manner,manner,9,10,TRUE,1
manner,manera,1,10,FALSE,2
visiting,visiting,10,10,TRUE,1
event,event,7,10,TRUE,1
event,events,3,10,FALSE,2
affectionate,affectionate,8,10,TRUE,1
affectionate,affectionately,2,10,FALSE,2
kitchen,kitchen,10,10,TRUE,1
move,move,2,10,TRUE,1
move,move,4,10,FALSE,2
move,movement,2,10,FALSE,3
move,moves,2,10,FALSE,4
issues,issues,9,10,TRUE,1
issues,issue,1,10,FALSE,2
slowly,slowly,10,10,TRUE,1
light,light,10,10,TRUE,1
physical,physical,10,10,TRUE,1
cook,cook,10,10,TRUE,1
right,right,10,10,TRUE,1
nurse,nurse,1,10,TRUE,1
nurse,nurse,9,10,FALSE,2
pressing,pressing,10,10,TRUE,1
give,give,10,10,TRUE,1
wrist,wrist,10,10,TRUE,1
intimate,intimate,7,10,TRUE,1
intimate,initiate,3,10,FALSE,2
therapy,therapy,10,10,TRUE,1
lower,lower,10,10,TRUE,1
without,without,9,9,TRUE,1
console,console,7,9,TRUE,1
console,consoled,1,9,FALSE,2
console,consol,1,9,FALSE,3
drinks,drinks,5,9,TRUE,1
drinks,drink,4,9,FALSE,2
upper,upper,8,9,TRUE,1
upper,uper,1,9,FALSE,2
bench,bench,9,9,TRUE,1
computer,computer,8,9,TRUE,1
computer,computers,1,9,FALSE,2
shop,shop,3,9,TRUE,1
shop,shopping,6,9,FALSE,2
thigh,thigh,8,9,TRUE,1
thigh,thighs,1,9,FALSE,2
enjoying,enjoying,9,9,TRUE,1
important,important,8,9,TRUE,1
important,importance,1,9,FALSE,2
pointy,pointy,9,9,TRUE,1
daughter,daughter,9,9,TRUE,1
driving,driving,9,9,TRUE,1
fell,fell,9,9,TRUE,1
place,place,6,9,TRUE,1
place,places,2,9,FALSE,2
place,placed,1,9,FALSE,3
happening,happening,9,9,TRUE,1
better,better,9,9,TRUE,1
suddenly,suddenly,9,9,TRUE,1
morning,morning,1,9,TRUE,1
morning,morning,8,9,FALSE,2
cousin,cousin,8,9,TRUE,1
cousin,cousing,1,9,FALSE,2
sexual,sexual,1,9,TRUE,1
sexual,sexual,8,9,FALSE,2
jestem,jestem,9,9,TRUE,1
spending,spending,8,8,TRUE,1
standing,standing,8,8,TRUE,1
focusing,focusing,8,8,TRUE,1
done,done,8,8,TRUE,1
eye,eye,4,8,TRUE,1
eye,eye,4,8,FALSE,2
spot,spot,8,8,TRUE,1
side,side,8,8,TRUE,1
stressful,stressful,6,8,TRUE,1
stressful,stresful,1,8,FALSE,2
stressful,stressfull,1,8,FALSE,3
task,task,8,8,TRUE,1
mine,mine,8,8,TRUE,1
book,book,7,8,TRUE,1
book,books,1,8,FALSE,2
ready,ready,7,8,TRUE,1
ready,read,1,8,FALSE,2
joke,joke,7,8,TRUE,1
joke,jokes,1,8,FALSE,2
felt,felt,8,8,TRUE,1
decide,decide,2,8,TRUE,1
decide,decide,3,8,FALSE,2
decide,decided,3,8,FALSE,3
hard,hard,8,8,TRUE,1
whilst,whilst,8,8,TRUE,1
holding,holding,8,8,TRUE,1
nice,nice,8,8,TRUE,1
deep,deep,8,8,TRUE,1
busy,busy,8,8,TRUE,1
headphones,headphones,6,8,TRUE,1
headphones,earphones,2,8,FALSE,2
relaxed,relaxed,7,8,TRUE,1
relaxed,relaxes,1,8,FALSE,2
leave,leave,3,8,TRUE,1
leave,leave,4,8,FALSE,2
leave,leaves,1,8,FALSE,3
saying,saying,8,8,TRUE,1
away,away,8,8,TRUE,1
comfortable,comfortable,7,8,TRUE,1
comfortable,comfortable,1,8,FALSE,2
poke,poke,4,8,TRUE,1
poke,poke,2,8,FALSE,2
poke,pokes,2,8,FALSE,3
parents,parents,3,8,TRUE,1
parents,parents,5,8,FALSE,2
find,find,6,8,TRUE,1
find,finds,2,8,FALSE,2
break,break,8,8,TRUE,1
father,father,8,8,TRUE,1
line,line,8,8,TRUE,1
shehe,shehe,8,8,TRUE,1
got,got,8,8,TRUE,1
also,also,8,8,TRUE,1
project,project,2,7,TRUE,1
project,project,5,7,FALSE,2
seated,seated,7,7,TRUE,1
draw,draw,6,7,TRUE,1
draw,drawn,1,7,FALSE,2
several,several,7,7,TRUE,1
film,film,6,7,TRUE,1
film,filme,1,7,FALSE,2
helping,helping,7,7,TRUE,1
finished,finished,5,7,TRUE,1
finished,finish,2,7,FALSE,2
teacher,teacher,7,7,TRUE,1
sleeping,sleeping,7,7,TRUE,1
muscle,muscle,6,7,TRUE,1
muscle,muscles,1,7,FALSE,2
relative,relative,7,7,TRUE,1
wanted,wanted,7,7,TRUE,1
laughing,laughing,7,7,TRUE,1
support,support,5,7,TRUE,1
support,supports,2,7,FALSE,2
store,store,3,7,TRUE,1
store,sore,4,7,FALSE,2
cuddle,cuddle,4,7,TRUE,1
cuddle,cuddles,1,7,FALSE,2
cuddle,cuddled,2,7,FALSE,3
examination,examination,7,7,TRUE,1
heshe,heshe,7,7,TRUE,1
desk,desk,7,7,TRUE,1
favorite,favorite,4,7,TRUE,1
favorite,favourite,3,7,FALSE,2
grandma,grandma,6,7,TRUE,1
grandma,grandpa,1,7,FALSE,2
everything,everything,7,7,TRUE,1
professional,professional,7,7,TRUE,1
rubbed,rubbed,7,7,TRUE,1
hug,hug,4,7,TRUE,1
hug,hug,3,7,FALSE,2
lot,lot,7,7,TRUE,1
made,made,7,7,TRUE,1
normal,normal,5,7,TRUE,1
normal,normally,2,7,FALSE,2
anxiety,anxiety,7,7,TRUE,1
pleasant,pleasant,5,7,TRUE,1
pleasant,unpleasant,2,7,FALSE,2
soft,soft,7,7,TRUE,1
session,session,6,7,TRUE,1
session,sessions,1,7,FALSE,2
seat,seat,7,7,TRUE,1
old,old,7,7,TRUE,1
classmate,classmate,7,7,TRUE,1
car,car,7,7,TRUE,1
blood,blood,7,7,TRUE,1
rest,rest,7,7,TRUE,1
rough,rough,6,7,TRUE,1
rough,trough,1,7,FALSE,2
might,might,7,7,TRUE,1
una,una,7,7,TRUE,1
evening,evening,6,6,TRUE,1
snacks,snacks,3,6,TRUE,1
snacks,snack,3,6,FALSE,2
examine,examine,3,6,TRUE,1
examine,examined,2,6,FALSE,2
examine,examine,1,6,FALSE,3
la,la,6,6,TRUE,1
gesture,gesture,5,6,TRUE,1
gesture,gestures,1,6,FALSE,2
weird,weird,6,6,TRUE,1
bothering,bothering,6,6,TRUE,1
interested,interested,3,6,TRUE,1
interested,interested,3,6,FALSE,2
appointment,appointment,6,6,TRUE,1
best,best,6,6,TRUE,1
tough,tough,6,6,TRUE,1
palm,palm,6,6,TRUE,1
pay,pay,1,6,TRUE,1
pay,pay,5,6,FALSE,2
sense,sense,5,6,TRUE,1
sense,senses,1,6,FALSE,2
happy,happy,6,6,TRUE,1
group,group,5,6,TRUE,1
group,groups,1,6,FALSE,2
pet,pet,3,6,TRUE,1
pet,pet,3,6,FALSE,2
said,said,6,6,TRUE,1
lesson,lesson,5,6,TRUE,1
lesson,lesion,1,6,FALSE,2
let,let,5,6,TRUE,1
let,letting,1,6,FALSE,2
house,house,5,6,TRUE,1
house,houses,1,6,FALSE,2
stomach,stomach,6,6,TRUE,1
lecture,lecture,6,6,TRUE,1
laugh,laugh,4,6,TRUE,1
laugh,laughs,2,6,FALSE,2
sensation,sensation,1,6,TRUE,1
sensation,sensation,4,6,FALSE,2
sensation,sensations,1,6,FALSE,3
story,story,6,6,TRUE,1
treatment,treatment,6,6,TRUE,1
nieces,nieces,6,6,TRUE,1
school,school,6,6,TRUE,1
series,series,6,6,TRUE,1
almost,almost,6,6,TRUE,1
health,health,6,6,TRUE,1
describing,describing,6,6,TRUE,1
stuff,stuff,5,6,TRUE,1
stuff,tuff,1,6,FALSE,2
anxious,anxious,6,6,TRUE,1
goodbye,goodbye,3,6,TRUE,1
goodbye,goodybe,1,6,FALSE,2
goodbye,goodboy,1,6,FALSE,3
goodbye,goodbyes,1,6,FALSE,4
recent,recent,2,6,TRUE,1
recent,recent,4,6,FALSE,2
index,index,6,6,TRUE,1
somebody,somebody,6,6,TRUE,1
soothing,soothing,5,6,TRUE,1
soothing,shooting,1,6,FALSE,2
office,office,6,6,TRUE,1
job,job,6,6,TRUE,1
noticed,noticed,2,6,TRUE,1
noticed,notices,2,6,FALSE,2
noticed,noticed,2,6,FALSE,3
end,end,6,6,TRUE,1
results,results,4,6,TRUE,1
results,resulted,1,6,FALSE,2
results,result,1,6,FALSE,3
discuss,discuss,5,6,TRUE,1
discuss,discussed,1,6,FALSE,2
hospital,hospital,6,6,TRUE,1
form,form,6,6,TRUE,1
smile,smile,1,6,TRUE,1
smile,smiles,2,6,FALSE,2
smile,smile,3,6,FALSE,3
new,new,6,6,TRUE,1
belly,belly,6,6,TRUE,1
tree,tree,6,6,TRUE,1
not_paying_attention,not_paying_attention,6,6,TRUE,1
lounge,lounge,6,6,TRUE,1
company,company,6,6,TRUE,1
heart,heart,6,6,TRUE,1
park,park,6,6,TRUE,1
contact,contact,6,6,TRUE,1
started,started,6,6,TRUE,1
think,think,4,6,TRUE,1
think,thinks,2,6,FALSE,2
may,may,6,6,TRUE,1
co,co,4,6,TRUE,1
co,cos,2,6,FALSE,2
aggressive,aggressive,6,6,TRUE,1
excited,excited,5,6,TRUE,1
excited,excidted,1,6,FALSE,2
random,random,3,6,TRUE,1
random,randomly,3,6,FALSE,2
eating,eating,6,6,TRUE,1
que,que,6,6,TRUE,1
intercourse,intercourse,6,6,TRUE,1
mnie,mnie,6,6,TRUE,1
thinking,thinking,5,6,TRUE,1
thinking,thaniking,1,6,FALSE,2
explaining,explaining,5,5,TRUE,1
reaches,reaches,1,5,TRUE,1
reaches,reaches,4,5,FALSE,2
mum,mum,5,5,TRUE,1
visit,visit,4,5,TRUE,1
visit,visita,1,5,FALSE,2
specific,specific,5,5,TRUE,1
braccio,braccio,5,5,TRUE,1
cafe,cafe,5,5,TRUE,1
say,say,5,5,TRUE,1
cause,cause,2,5,TRUE,1
cause,case,1,5,FALSE,2
cause,causes,2,5,FALSE,3
across,across,5,5,TRUE,1
whether,whether,5,5,TRUE,1
client,client,4,5,TRUE,1
client,clients,1,5,FALSE,2
well,well,5,5,TRUE,1
university,university,5,5,TRUE,1
listen,listen,3,5,TRUE,1
listen,listener,1,5,FALSE,2
listen,listened,1,5,FALSE,3
travelling,travelling,4,5,TRUE,1
travelling,traveling,1,5,FALSE,2
express,express,1,5,TRUE,1
express,expresses,1,5,FALSE,2
express,express,2,5,FALSE,3
express,expressed,1,5,FALSE,4
concern,concern,2,5,TRUE,1
concern,concert,2,5,FALSE,2
concern,concerns,1,5,FALSE,3
acquaintance,acquaintance,3,5,TRUE,1
acquaintance,acquaintace,1,5,FALSE,2
acquaintance,acquintance,1,5,FALSE,3
medical,medical,5,5,TRUE,1
topics,topics,3,5,TRUE,1
topics,topic,2,5,FALSE,2
knee,knee,4,5,TRUE,1
knee,knees,1,5,FALSE,2
perhaps,perhaps,5,5,TRUE,1
tip,tip,4,5,TRUE,1
tip,tipping,1,5,FALSE,2
shown,shown,5,5,TRUE,1
baby,baby,5,5,TRUE,1
casual,casual,5,5,TRUE,1
okay,okay,5,5,TRUE,1
queue,queue,5,5,TRUE,1
grandmother,grandmother,5,5,TRUE,1
smooth,smooth,3,5,TRUE,1
smooth,smoothly,1,5,FALSE,2
smooth,smooth,1,5,FALSE,3
venting,venting,5,5,TRUE,1
grandparent,grandparent,1,5,TRUE,1
grandparent,grandparent,4,5,FALSE,2
cartoons,cartoons,2,5,TRUE,1
cartoons,cartoons,3,5,FALSE,2
significant,significant,5,5,TRUE,1
social,social,4,5,TRUE,1
social,socially,1,5,FALSE,2
picnic,picnic,5,5,TRUE,1
public,public,4,5,TRUE,1
public,pubic,1,5,FALSE,2
running,running,4,5,TRUE,1
running,rainning,1,5,FALSE,2
lean,lean,3,5,TRUE,1
lean,lean,2,5,FALSE,2
either,either,5,5,TRUE,1
night,night,5,5,TRUE,1
testing,testing,5,5,TRUE,1
put,put,5,5,TRUE,1
lie,lie,5,5,TRUE,1
simply,simply,5,5,TRUE,1
boss,boss,5,5,TRUE,1
engaging,engaging,5,5,TRUE,1
arousing,arousing,4,5,TRUE,1
arousing,arguing,1,5,FALSE,2
woken,woken,3,5,TRUE,1
woken,woken,2,5,FALSE,2
socializing,socializing,1,5,TRUE,1
socializing,socializing,3,5,FALSE,2
socializing,socialising,1,5,FALSE,3
first,first,5,5,TRUE,1
failed,failed,5,5,TRUE,1
found,found,5,5,TRUE,1
asked,asked,5,5,TRUE,1
tea,tea,5,5,TRUE,1
living,living,4,4,TRUE,1
laptop,laptop,4,4,TRUE,1
much,much,4,4,TRUE,1
reassurance,reassurance,4,4,TRUE,1
injury,injury,4,4,TRUE,1
stop,stop,2,4,TRUE,1
stop,stop,2,4,FALSE,2
masseur,masseur,2,4,TRUE,1
masseur,masseuse,2,4,FALSE,2
party,party,3,4,TRUE,1
party,partying,1,4,FALSE,2
many,many,4,4,TRUE,1
small,small,4,4,TRUE,1
irregular,irregular,3,4,TRUE,1
irregular,irregular,1,4,FALSE,2
depressed,depressed,1,4,TRUE,1
depressed,depressed,3,4,FALSE,2
match,match,4,4,TRUE,1
man,man,4,4,TRUE,1
flirt,flirt,4,4,TRUE,1
train,train,4,4,TRUE,1
flirting,flirting,4,4,TRUE,1
turn,turn,4,4,TRUE,1
dealing,dealing,4,4,TRUE,1
saw,saw,4,4,TRUE,1
casually,casually,4,4,TRUE,1
somewhere,somewhere,4,4,TRUE,1
bedroom,bedroom,4,4,TRUE,1
possibly,possibly,2,4,TRUE,1
possibly,possible,2,4,FALSE,2
condition,condition,4,4,TRUE,1
study,study,3,4,TRUE,1
study,studies,1,4,FALSE,2
boy,boy,4,4,TRUE,1
cute,cute,3,4,TRUE,1
cute,acute,1,4,FALSE,2
type,type,4,4,TRUE,1
strong,strong,2,4,TRUE,1
strong,strongly,2,4,FALSE,2
begin,begin,2,4,TRUE,1
begin,begins,2,4,FALSE,2
young,young,4,4,TRUE,1
gives,gives,4,4,TRUE,1
approaches,approaches,1,4,TRUE,1
approaches,approaches,2,4,FALSE,2
approaches,aprroaches,1,4,FALSE,3
funny,funny,4,4,TRUE,1
nerves,nerves,3,4,TRUE,1
nerves,nverves,1,4,FALSE,2
words,words,4,4,TRUE,1
wrong,wrong,4,4,TRUE,1
buy,buy,4,4,TRUE,1
receiving,receiving,4,4,TRUE,1
checked,checked,4,4,TRUE,1
response,response,2,4,TRUE,1
response,response,2,4,FALSE,2
keeps,keeps,4,4,TRUE,1
seconds,seconds,4,4,TRUE,1
netflix,netflix,4,4,TRUE,1
brush,brush,4,4,TRUE,1
given,given,4,4,TRUE,1
closeness,closeness,4,4,TRUE,1
pick,pick,2,4,TRUE,1
pick,pick,2,4,FALSE,2
seen,seen,4,4,TRUE,1
scary,scary,3,4,TRUE,1
scary,scar,1,4,FALSE,2
change,change,1,4,TRUE,1
change,exchange,2,4,FALSE,2
change,change,1,4,FALSE,3
vein,vein,2,4,TRUE,1
vein,vein,2,4,FALSE,2
ok,ok,4,4,TRUE,1
sex,sex,4,4,TRUE,1
couple,couple,3,4,TRUE,1
couple,couples,1,4,FALSE,2
year,year,1,4,TRUE,1
year,year,3,4,FALSE,2
ice,ice,4,4,TRUE,1
mess,mess,4,4,TRUE,1
forth,forth,3,4,TRUE,1
forth,fort,1,4,FALSE,2
lose,lose,3,4,TRUE,1
lose,loosing,1,4,FALSE,2
focused,focused,4,4,TRUE,1
ease,ease,4,4,TRUE,1
future,future,4,4,TRUE,1
resting,resting,4,4,TRUE,1
direction,direction,2,4,TRUE,1
direction,directions,2,4,FALSE,2
frustrated,frustrated,4,4,TRUE,1
likely,likely,4,4,TRUE,1
purpose,purpose,2,4,TRUE,1
purpose,purposes,1,4,FALSE,2
purpose,purposely,1,4,FALSE,3
arrive,arrive,1,4,TRUE,1
arrive,arrive,2,4,FALSE,2
arrive,arrives,1,4,FALSE,3
preparing,preparing,4,4,TRUE,1
eat,eat,4,4,TRUE,1
reaction,reaction,4,4,TRUE,1
gathering,gathering,4,4,TRUE,1
towards,towards,4,4,TRUE,1
continuously,continuously,4,4,TRUE,1
hes,hes,4,4,TRUE,1
still,still,4,4,TRUE,1
remove,remove,1,4,TRUE,1
remove,remove,3,4,FALSE,2
awkward,awkward,1,4,TRUE,1
awkward,ackward,1,4,FALSE,2
awkward,awkward,2,4,FALSE,3
alone,alone,4,4,TRUE,1
similar,similar,1,4,TRUE,1
similar,similar,3,4,FALSE,2
explain,explain,3,4,TRUE,1
explain,explained,1,4,FALSE,2
nose,nose,4,4,TRUE,1
budzony,budzony,4,4,TRUE,1
pocieszy,pocieszy,2,4,TRUE,1
pocieszy,pociesza,2,4,FALSE,2
etc,etc,3,3,TRUE,1
sign,sign,3,3,TRUE,1
others,others,3,3,TRUE,1
vigorous,vigorous,2,3,TRUE,1
vigorous,vigorous,1,3,FALSE,2
attempting,attempting,3,3,TRUE,1
familiar,familiar,2,3,TRUE,1
familiar,familliar,1,3,FALSE,2
communicate,communicate,3,3,TRUE,1
sweet,sweet,3,3,TRUE,1
loving,loving,2,3,TRUE,1
loving,lovingly,1,3,FALSE,2
knocks,knocks,2,3,TRUE,1
knocks,knock,1,3,FALSE,2
city,city,3,3,TRUE,1
delicate,delicate,3,3,TRUE,1
information,information,3,3,TRUE,1
hurting,hurting,3,3,TRUE,1
motivation,motivation,2,3,TRUE,1
motivation,motivating,1,3,FALSE,2
polite,polite,2,3,TRUE,1
polite,politely,1,3,FALSE,2
shes,shes,3,3,TRUE,1
encounter,encounter,1,3,TRUE,1
encounter,encounter,2,3,FALSE,2
staying,staying,3,3,TRUE,1
sick,sick,3,3,TRUE,1
creepy,creepy,2,3,TRUE,1
creepy,creeps,1,3,FALSE,2
keep,keep,3,3,TRUE,1
encouragement,encouragement,3,3,TRUE,1
open,open,1,3,TRUE,1
open,open,2,3,FALSE,2
serious,serious,3,3,TRUE,1
toy,toy,2,3,TRUE,1
toy,toys,1,3,FALSE,2
interesting,interesting,2,3,TRUE,1
interesting,interesting,1,3,FALSE,2
constantly,constantly,3,3,TRUE,1
argument,argument,2,3,TRUE,1
argument,arguments,1,3,FALSE,2
certain,certain,3,3,TRUE,1
amazing,amazing,3,3,TRUE,1
talked,talked,3,3,TRUE,1
nag,nag,3,3,TRUE,1
seek,seek,3,3,TRUE,1
starting,starting,3,3,TRUE,1
meal,meal,2,3,TRUE,1
meal,meals,1,3,FALSE,2
sat,sat,3,3,TRUE,1
beside,beside,3,3,TRUE,1
plans,plans,2,3,TRUE,1
plans,pans,1,3,FALSE,2
team,team,3,3,TRUE,1
relief,relief,3,3,TRUE,1
hour,hour,2,3,TRUE,1
hour,hours,1,3,FALSE,2
mi,mi,3,3,TRUE,1
passed,passed,2,3,TRUE,1
passed,passes,1,3,FALSE,2
aunt,aunt,3,3,TRUE,1
applying,applying,3,3,TRUE,1
run,run,1,3,TRUE,1
run,runs,2,3,FALSE,2
sing,sing,2,3,TRUE,1
sing,sing,1,3,FALSE,2
makes,makes,3,3,TRUE,1
gone,gone,3,3,TRUE,1
tested,tested,2,3,TRUE,1
tested,teased,1,3,FALSE,2
tickling,tickling,3,3,TRUE,1
tingles,tingles,1,3,TRUE,1
tingles,tingling,2,3,FALSE,2
accompanied,accompanied,2,3,TRUE,1
accompanied,accompanies,1,3,FALSE,2
write,write,2,3,TRUE,1
write,write,1,3,FALSE,2
unfortunate,unfortunate,3,3,TRUE,1
tired,tired,3,3,TRUE,1
theres,theres,3,3,TRUE,1
curious,curious,3,3,TRUE,1
smoke,smoke,1,3,TRUE,1
smoke,smoke,2,3,FALSE,2
kiss,kiss,2,3,TRUE,1
kiss,kiss,1,3,FALSE,2
usually,usually,3,3,TRUE,1
enough,enough,3,3,TRUE,1
check_up,check_up,3,3,TRUE,1
angry,angry,3,3,TRUE,1
passenger,passenger,3,3,TRUE,1
facing,facing,3,3,TRUE,1
relationship,relationship,1,3,TRUE,1
relationship,relationship,2,3,FALSE,2
dropped,dropped,3,3,TRUE,1
younger,younger,3,3,TRUE,1
instructor,instructor,1,3,TRUE,1
instructor,instructor,2,3,FALSE,2
toddler,toddler,3,3,TRUE,1
silence,silence,3,3,TRUE,1
reason,reason,3,3,TRUE,1
window,window,3,3,TRUE,1
forehead,forehead,3,3,TRUE,1
tease,tease,2,3,TRUE,1
tease,teases,1,3,FALSE,2
floor,floor,3,3,TRUE,1
nap,nap,3,3,TRUE,1
whispering,whispering,2,3,TRUE,1
whispering,whispeing,1,3,FALSE,2
keeping,keeping,3,3,TRUE,1
bar,bar,3,3,TRUE,1
asks,asks,3,3,TRUE,1
consent,consent,3,3,TRUE,1
paint,paint,3,3,TRUE,1
sees,sees,3,3,TRUE,1
tender,tender,2,3,TRUE,1
tender,tender,1,3,FALSE,2
relax,relax,3,3,TRUE,1
attack,attack,3,3,TRUE,1
girl,girl,3,3,TRUE,1
pleasure,pleasure,3,3,TRUE,1
il,il,3,3,TRUE,1
beach,beach,3,3,TRUE,1
attending,attending,3,3,TRUE,1
pen,pen,3,3,TRUE,1
concentrated,concentrated,3,3,TRUE,1
professor,professor,3,3,TRUE,1
energy,energy,3,3,TRUE,1
caf,caf,3,3,TRUE,1
afternoon,afternoon,3,3,TRUE,1
adults,adults,1,3,TRUE,1
adults,adults,2,3,FALSE,2
worried,worried,3,3,TRUE,1
itchy,itchy,3,3,TRUE,1
mall,mall,3,3,TRUE,1
cramp,cramp,1,3,TRUE,1
cramp,cramping,1,3,FALSE,2
cramp,cramp,1,3,FALSE,3
scrolling,scrolling,3,3,TRUE,1
studying,studying,3,3,TRUE,1
experience,experience,2,3,TRUE,1
experience,experiences,1,3,FALSE,2
supermarket,supermarket,3,3,TRUE,1
pimple,pimple,2,3,TRUE,1
pimple,pimples,1,3,FALSE,2
top,top,3,3,TRUE,1
dad,dad,2,3,TRUE,1
dad,dads,1,3,FALSE,2
short,short,3,3,TRUE,1
est,est,3,3,TRUE,1
broke,broke,2,3,TRUE,1
broke,broken,1,3,FALSE,2
irritating,irritating,3,3,TRUE,1
wine,wine,3,3,TRUE,1
pointing,pointing,3,3,TRUE,1
foot,foot,3,3,TRUE,1
missed,missed,3,3,TRUE,1
quality,quality,3,3,TRUE,1
boredom,boredom,3,3,TRUE,1
dotykany,dotykany,2,3,TRUE,1
dotykany,dotyka,1,3,FALSE,2
drive,drive,2,3,TRUE,1
drive,driver,1,3,FALSE,2
crowded,crowded,3,3,TRUE,1
impatience,impatience,2,3,TRUE,1
impatience,impatience,1,3,FALSE,2
physiotherapist,physiotherapist,3,3,TRUE,1
de,de,3,3,TRUE,1
intimacy,intimacy,3,3,TRUE,1
admiring,admiring,3,3,TRUE,1
quiet,quiet,3,3,TRUE,1
fallen,fallen,3,3,TRUE,1
ca,ca,3,3,TRUE,1
proud,proud,1,3,TRUE,1
proud,proud,2,3,FALSE,2
spilled,spilled,3,3,TRUE,1
sunscreen,sunscreen,3,3,TRUE,1
restaurant,restaurant,2,3,TRUE,1
restaurant,restaurand,1,3,FALSE,2
general,general,1,3,TRUE,1
general,general,2,3,FALSE,2
annoyed,annoyed,3,3,TRUE,1
dry,dry,3,3,TRUE,1
greets,greets,3,3,TRUE,1
ticklish,ticklish,2,3,TRUE,1
ticklish,ticklish,1,3,FALSE,2
every,every,3,3,TRUE,1
painful,painful,3,3,TRUE,1
week,week,2,3,TRUE,1
week,weeks,1,3,FALSE,2
taxi,taxi,3,3,TRUE,1
injection,injection,3,3,TRUE,1
firmly,firmly,3,3,TRUE,1
unsure,unsure,2,3,TRUE,1
unsure,unsure,1,3,FALSE,2
activity,activity,1,3,TRUE,1
activity,activities,2,3,FALSE,2
breaking,breaking,3,3,TRUE,1
remotely,remotely,3,3,TRUE,1
clean,clean,3,3,TRUE,1
trading,trading,2,3,TRUE,1
trading,tracing,1,3,FALSE,2
whinging,whinging,3,3,TRUE,1
encouraging,encouraging,3,3,TRUE,1
crowd,crowd,3,3,TRUE,1
moja,moja,3,3,TRUE,1
roommate,roommate,2,3,TRUE,1
roommate,roomate,1,3,FALSE,2
en,en,3,3,TRUE,1
fridge,fridge,2,2,TRUE,1
half,half,2,2,TRUE,1
extend,extend,1,2,TRUE,1
extend,extender,1,2,FALSE,2
shows,shows,1,2,TRUE,1
shows,shos,1,2,FALSE,2
past,past,2,2,TRUE,1
bones,bones,1,2,TRUE,1
bones,bone,1,2,FALSE,2
coming,coming,1,2,TRUE,1
coming,incoming,1,2,FALSE,2
affect,affect,1,2,TRUE,1
affect,affect,1,2,FALSE,2
tocco,tocco,2,2,TRUE,1
del,del,2,2,TRUE,1
parte,parte,2,2,TRUE,1
mia,mia,2,2,TRUE,1
con,con,2,2,TRUE,1
destra,destra,1,2,TRUE,1
destra,destro,1,2,FALSE,2
oils,oils,1,2,TRUE,1
oils,oil,1,2,FALSE,2
teasing,teasing,2,2,TRUE,1
careful,careful,1,2,TRUE,1
careful,careful,1,2,FALSE,2
cant,cant,2,2,TRUE,1
injured,injured,2,2,TRUE,1
negative,negative,2,2,TRUE,1
release,release,1,2,TRUE,1
release,release,1,2,FALSE,2
today,today,2,2,TRUE,1
football,football,2,2,TRUE,1
faster,faster,2,2,TRUE,1
usual,usual,2,2,TRUE,1
environment,environment,1,2,TRUE,1
environment,environment,1,2,FALSE,2
even,even,2,2,TRUE,1
machine,machine,2,2,TRUE,1
tenderness,tenderness,2,2,TRUE,1
providing,providing,2,2,TRUE,1
cool,cool,2,2,TRUE,1
beer,beer,2,2,TRUE,1
rhythmic,rhythmic,1,2,TRUE,1
rhythmic,rhythmic,1,2,FALSE,2
tingly,tingly,1,2,TRUE,1
tingly,tingle,1,2,FALSE,2
hisher,hisher,2,2,TRUE,1
patient,patient,1,2,TRUE,1
patient,unpatient,1,2,FALSE,2
putting,putting,2,2,TRUE,1
impatiently,impatiently,2,2,TRUE,1
ordering,ordering,2,2,TRUE,1
uncle,uncle,2,2,TRUE,1
cleaning,cleaning,2,2,TRUE,1
mocking,mocking,2,2,TRUE,1
consolation,consolation,1,2,TRUE,1
consolation,consolation,1,2,FALSE,2
regarding,regarding,2,2,TRUE,1
sports,sports,1,2,TRUE,1
sports,sports,1,2,FALSE,2
along,along,2,2,TRUE,1
daily,daily,2,2,TRUE,1
hi,hi,2,2,TRUE,1
winter,winter,2,2,TRUE,1
togerher,togerher,1,2,TRUE,1
togerher,togeether,1,2,FALSE,2
though,though,2,2,TRUE,1
weekend,weekend,2,2,TRUE,1
imagine,imagine,2,2,TRUE,1
process,process,1,2,TRUE,1
process,proceeds,1,2,FALSE,2
eachother,eachother,2,2,TRUE,1
sympathy,sympathy,1,2,TRUE,1
sympathy,sympathy,1,2,FALSE,2
wash,wash,2,2,TRUE,1
dishes,dishes,2,2,TRUE,1
youtube,youtube,2,2,TRUE,1
settling,settling,2,2,TRUE,1
pretend,pretend,1,2,TRUE,1
pretend,pretends,1,2,FALSE,2
battle,battle,1,2,TRUE,1
battle,batte,1,2,FALSE,2
loud,loud,2,2,TRUE,1
estoy,estoy,2,2,TRUE,1
church,church,2,2,TRUE,1
vented,vented,2,2,TRUE,1
missing,missing,2,2,TRUE,1
country,country,2,2,TRUE,1
seems,seems,2,2,TRUE,1
wierd,wierd,2,2,TRUE,1
accident,accident,1,2,TRUE,1
accident,ancient,1,2,FALSE,2
goosebumps,goosebumps,2,2,TRUE,1
cat,cat,2,2,TRUE,1
interact,interact,2,2,TRUE,1
stuck,stuck,2,2,TRUE,1
not_alone,not_alone,2,2,TRUE,1
acknowledged,acknowledged,1,2,TRUE,1
acknowledged,acknowledge,1,2,FALSE,2
stopped,stopped,2,2,TRUE,1
hate,hate,2,2,TRUE,1
chilled,chilled,2,2,TRUE,1
lately,lately,2,2,TRUE,1
exactly,exactly,2,2,TRUE,1
grade,grade,2,2,TRUE,1
stove,stove,2,2,TRUE,1
took,took,2,2,TRUE,1
hovering,hovering,2,2,TRUE,1
name,name,2,2,TRUE,1
workmate,workmate,2,2,TRUE,1
called,called,2,2,TRUE,1
troubles,troubles,2,2,TRUE,1
favor,favor,2,2,TRUE,1
experiment,experiment,1,2,TRUE,1
experiment,experiment,1,2,FALSE,2
pool,pool,2,2,TRUE,1
sibling,sibling,2,2,TRUE,1
anything,anything,2,2,TRUE,1
wallet,wallet,2,2,TRUE,1
greetings,greetings,2,2,TRUE,1
middle,middle,2,2,TRUE,1
hairdresser,hairdresser,2,2,TRUE,1
confiding,confiding,2,2,TRUE,1
gain,gain,2,2,TRUE,1
setting,setting,2,2,TRUE,1
whatever,whatever,2,2,TRUE,1
growing,growing,2,2,TRUE,1
died,died,2,2,TRUE,1
sun,sun,2,2,TRUE,1
kicking,kicking,2,2,TRUE,1
transport,transport,2,2,TRUE,1
insistently,insistently,2,2,TRUE,1
pretending,pretending,2,2,TRUE,1
overwhelmed,overwhelmed,2,2,TRUE,1
near,near,2,2,TRUE,1
speed,speed,1,2,TRUE,1
speed,spleed,1,2,FALSE,2
less,less,2,2,TRUE,1
finally,finally,2,2,TRUE,1
cigarette,cigarette,1,2,TRUE,1
cigarette,cigarettes,1,2,FALSE,2
perform,perform,2,2,TRUE,1
female,female,2,2,TRUE,1
unhappy,unhappy,2,2,TRUE,1
calmly,calmly,2,2,TRUE,1
buying,buying,2,2,TRUE,1
shoot,shoot,2,2,TRUE,1
involved,involved,1,2,TRUE,1
involved,involved,1,2,FALSE,2
pricking,pricking,1,2,TRUE,1
pricking,pricking,1,2,FALSE,2
reminds,reminds,1,2,TRUE,1
reminds,reminded,1,2,FALSE,2
library,library,2,2,TRUE,1
mood,mood,2,2,TRUE,1
kitty,kitty,2,2,TRUE,1
therapeutic,therapeutic,1,2,TRUE,1
therapeutic,therapatic,1,2,FALSE,2
death,death,2,2,TRUE,1
grabbed,grabbed,2,2,TRUE,1
lead,lead,2,2,TRUE,1
advice,advice,1,2,TRUE,1
advice,advice,1,2,FALSE,2
tapped,tapped,2,2,TRUE,1
temperature,temperature,2,2,TRUE,1
pulse,pulse,2,2,TRUE,1
interaction,interaction,2,2,TRUE,1
trick,trick,2,2,TRUE,1
teaching,teaching,2,2,TRUE,1
request,request,1,2,TRUE,1
request,requested,1,2,FALSE,2
ache,ache,1,2,TRUE,1
ache,aches,1,2,FALSE,2
mosquito,mosquito,2,2,TRUE,1
idea,idea,2,2,TRUE,1
months,months,2,2,TRUE,1
physio,physio,2,2,TRUE,1
slapping,slapping,2,2,TRUE,1
due,due,2,2,TRUE,1
positive,positive,2,2,TRUE,1
slides,slides,2,2,TRUE,1
irritated,irritated,2,2,TRUE,1
successful,successful,1,2,TRUE,1
successful,unsuccessful,1,2,FALSE,2
sunny,sunny,2,2,TRUE,1
didnt,didnt,2,2,TRUE,1
understand,understand,2,2,TRUE,1
scratching,scratching,2,2,TRUE,1
foreplay,foreplay,2,2,TRUE,1
song,song,2,2,TRUE,1
often,often,2,2,TRUE,1
exhaustion,exhaustion,1,2,TRUE,1
exhaustion,exhausting,1,2,FALSE,2
late,late,2,2,TRUE,1
distant,distant,2,2,TRUE,1
ear,ear,2,2,TRUE,1
healer,healer,2,2,TRUE,1
breakdown,breakdown,2,2,TRUE,1
interrupting,interrupting,2,2,TRUE,1
played,played,1,2,TRUE,1
played,player,1,2,FALSE,2
napping,napping,2,2,TRUE,1
slow,slow,2,2,TRUE,1
online,online,2,2,TRUE,1
noise,noise,2,2,TRUE,1
opinion,opinion,2,2,TRUE,1
para,para,2,2,TRUE,1
estamos,estamos,2,2,TRUE,1
comida,comida,2,2,TRUE,1
grocery,grocery,1,2,TRUE,1
grocery,groceries,1,2,FALSE,2
garden,garden,2,2,TRUE,1
numbing,numbing,2,2,TRUE,1
criticizing,criticizing,2,2,TRUE,1
weight,weight,2,2,TRUE,1
challenges,challenges,2,2,TRUE,1
stimulated,stimulated,1,2,TRUE,1
stimulated,simulates,1,2,FALSE,2
rodrigo,rodrigo,2,2,TRUE,1
measuring,measuring,2,2,TRUE,1
entertained,entertained,2,2,TRUE,1
till,till,1,2,TRUE,1
till,till,1,2,FALSE,2
served,served,2,2,TRUE,1
babysitting,babysitting,2,2,TRUE,1
male,male,2,2,TRUE,1
guy,guy,2,2,TRUE,1
haciendo,haciendo,2,2,TRUE,1
alert,alert,1,2,TRUE,1
alert,alert,1,2,FALSE,2
estn,estn,2,2,TRUE,1
masajear,masajear,2,2,TRUE,1
acaricia,acaricia,1,2,TRUE,1
acaricia,acariciar,1,2,FALSE,2
repetitive,repetitive,1,2,TRUE,1
repetitive,repetitve,1,2,FALSE,2
como,como,2,2,TRUE,1
spent,spent,2,2,TRUE,1
bag,bag,2,2,TRUE,1
forward,forward,2,2,TRUE,1
breakup,breakup,2,2,TRUE,1
everyday,everyday,2,2,TRUE,1
grass,grass,2,2,TRUE,1
woman,woman,2,2,TRUE,1
relieve,relieve,1,2,TRUE,1
relieve,relieve,1,2,FALSE,2
quickly,quickly,2,2,TRUE,1
distracting,distracting,1,2,TRUE,1
distracting,distracting,1,2,FALSE,2
warning,warning,2,2,TRUE,1
sprained,sprained,2,2,TRUE,1
tried,tried,2,2,TRUE,1
apply,apply,2,2,TRUE,1
scratchy,scratchy,1,2,TRUE,1
scratchy,scratched,1,2,FALSE,2
ketchup,ketchup,2,2,TRUE,1
dead,dead,2,2,TRUE,1
spouse,spouse,2,2,TRUE,1
penis,penis,2,2,TRUE,1
focus,focus,2,2,TRUE,1
tattoo,tattoo,2,2,TRUE,1
dine,dine,1,2,TRUE,1
dine,dinning,1,2,FALSE,2
mind,mind,2,2,TRUE,1
business,business,2,2,TRUE,1
cases,cases,2,2,TRUE,1
conveying,conveying,1,2,TRUE,1
conveying,conveying,1,2,FALSE,2
lotion,lotion,2,2,TRUE,1
per,per,2,2,TRUE,1
yet,yet,2,2,TRUE,1
falling,falling,2,2,TRUE,1
hello,hello,1,2,TRUE,1
hello,hello,1,2,FALSE,2
fare,fare,2,2,TRUE,1
uncontrollably,uncontrollably,2,2,TRUE,1
sensual,sensual,2,2,TRUE,1
wipe,wipe,2,2,TRUE,1
prode,prode,2,2,TRUE,1
ball,ball,2,2,TRUE,1
washed,washed,2,2,TRUE,1
hugged,hugged,2,2,TRUE,1
goes,goes,2,2,TRUE,1
thought,thought,2,2,TRUE,1
dirty,dirty,1,2,TRUE,1
dirty,dirt,1,2,FALSE,2
inappropriate,inappropriate,1,2,TRUE,1
inappropriate,appropriate,1,2,FALSE,2
believe,believe,1,2,TRUE,1
believe,believes,1,2,FALSE,2
fiance,fiance,2,2,TRUE,1
alright,alright,2,2,TRUE,1
facciamo,facciamo,2,2,TRUE,1
passeggiata,passeggiata,2,2,TRUE,1
operation,operation,2,2,TRUE,1
agree,agree,2,2,TRUE,1
full,full,2,2,TRUE,1
great,great,2,2,TRUE,1
notes,notes,2,2,TRUE,1
react,react,1,2,TRUE,1
react,react,1,2,FALSE,2
oven,oven,2,2,TRUE,1
earlier,earlier,2,2,TRUE,1
wrapped,wrapped,1,2,TRUE,1
wrapped,wrapping,1,2,FALSE,2
enjoy,enjoy,1,2,TRUE,1
enjoy,enjoys,1,2,FALSE,2
emphasising,emphasising,2,2,TRUE,1
medication,medication,2,2,TRUE,1
guess,guess,2,2,TRUE,1
inject,inject,1,2,TRUE,1
inject,inject,1,2,FALSE,2
achievement,achievement,1,2,TRUE,1
achievement,achievement,1,2,FALSE,2
free,free,2,2,TRUE,1
stiff,stiff,2,2,TRUE,1
assignements,assignements,2,2,TRUE,1
ignoring,ignoring,2,2,TRUE,1
wearing,wearing,2,2,TRUE,1
pub,pub,2,2,TRUE,1
town,town,2,2,TRUE,1
stand,stand,2,2,TRUE,1
offer,offer,1,2,TRUE,1
offer,offer,1,2,FALSE,2
publishing,publishing,2,2,TRUE,1
lady,lady,2,2,TRUE,1
convince,convince,1,2,TRUE,1
convince,convinced,1,2,FALSE,2
hit,hit,2,2,TRUE,1
strenght,strenght,1,2,TRUE,1
strenght,strenght,1,2,FALSE,2
reiki,reiki,2,2,TRUE,1
cognitive,cognitive,2,2,TRUE,1
twice,twice,2,2,TRUE,1
prepared,prepared,1,2,TRUE,1
prepared,prepare,1,2,FALSE,2
guest,guest,2,2,TRUE,1
prosi,prosi,2,2,TRUE,1
budzi,budzi,2,2,TRUE,1
uwage,uwage,2,2,TRUE,1
state,state,2,2,TRUE,1
already,already,2,2,TRUE,1
calf,calf,2,2,TRUE,1
heaving,heaving,1,1,TRUE,1
grabing,grabing,1,1,TRUE,1
headsets,headsets,1,1,TRUE,1
dear,dear,1,1,TRUE,1
board,board,1,1,TRUE,1
ate,ate,1,1,TRUE,1
determined,determined,1,1,TRUE,1
elder,elder,1,1,TRUE,1
permissible,permissible,1,1,TRUE,1
required,required,1,1,TRUE,1
da,da,1,1,TRUE,1
della,della,1,1,TRUE,1
amica,amica,1,1,TRUE,1
modo,modo,1,1,TRUE,1
amichevole,amichevole,1,1,TRUE,1
divertente,divertente,1,1,TRUE,1
mano,mano,1,1,TRUE,1
allaltra,allaltra,1,1,TRUE,1
sul,sul,1,1,TRUE,1
mio,mio,1,1,TRUE,1
polso,polso,1,1,TRUE,1
ticchetto,ticchetto,1,1,TRUE,1
lack,lack,1,1,TRUE,1
not_aware,not_aware,1,1,TRUE,1
difficulties,difficulties,1,1,TRUE,1
struggles,struggles,1,1,TRUE,1
mu,mu,1,1,TRUE,1
fact,fact,1,1,TRUE,1
episode,episode,1,1,TRUE,1
sure,sure,1,1,TRUE,1
multiple,multiple,1,1,TRUE,1
row,row,1,1,TRUE,1
mack,mack,1,1,TRUE,1
reveal,reveal,1,1,TRUE,1
swiped,swiped,1,1,TRUE,1
cutting,cutting,1,1,TRUE,1
tantrum,tantrum,1,1,TRUE,1
lading,lading,1,1,TRUE,1
encourage,encourage,1,1,TRUE,1
celebrating,celebrating,1,1,TRUE,1
vending,vending,1,1,TRUE,1
protected,protected,1,1,TRUE,1
tripped,tripped,1,1,TRUE,1
injuring,injuring,1,1,TRUE,1
graduated,graduated,1,1,TRUE,1
callingmy,callingmy,1,1,TRUE,1
ackowledging,ackowledging,1,1,TRUE,1
via,via,1,1,TRUE,1
philosophy,philosophy,1,1,TRUE,1
nothing_much_us,nothing_much_us,1,1,TRUE,1
burger,burger,1,1,TRUE,1
monotonous,monotonous,1,1,TRUE,1
uneasy,uneasy,1,1,TRUE,1
methods,methods,1,1,TRUE,1
pushing,pushing,1,1,TRUE,1
wait,wait,1,1,TRUE,1
escaped,escaped,1,1,TRUE,1
earth,earth,1,1,TRUE,1
spoken,spoken,1,1,TRUE,1
prove,prove,1,1,TRUE,1
accusing,accusing,1,1,TRUE,1
fix,fix,1,1,TRUE,1
grounding,grounding,1,1,TRUE,1
technique,technique,1,1,TRUE,1
sunset,sunset,1,1,TRUE,1
finder,finder,1,1,TRUE,1
textured,textured,1,1,TRUE,1
sensitive,sensitive,1,1,TRUE,1
center,center,1,1,TRUE,1
sale,sale,1,1,TRUE,1
investigative,investigative,1,1,TRUE,1
basic,basic,1,1,TRUE,1
ascertain,ascertain,1,1,TRUE,1
refusal,refusal,1,1,TRUE,1
empathy,empathy,1,1,TRUE,1
latte,latte,1,1,TRUE,1
not_undervalue_education,not_undervalue_education,1,1,TRUE,1
repeat,repeat,1,1,TRUE,1
armhair,armhair,1,1,TRUE,1
appointmentreservationparty,appointmentreservationparty,1,1,TRUE,1
various,various,1,1,TRUE,1
gaze,gaze,1,1,TRUE,1
upon,upon,1,1,TRUE,1
view,view,1,1,TRUE,1
drenched,drenched,1,1,TRUE,1
moonlight,moonlight,1,1,TRUE,1
dermatological,dermatological,1,1,TRUE,1
lego,lego,1,1,TRUE,1
curled,curled,1,1,TRUE,1
blanket,blanket,1,1,TRUE,1
intervsal,intervsal,1,1,TRUE,1
intensity,intensity,1,1,TRUE,1
status,status,1,1,TRUE,1
nothing_idk,nothing_idk,1,1,TRUE,1
worry,worry,1,1,TRUE,1
overstimulated,overstimulated,1,1,TRUE,1
backshoulder,backshoulder,1,1,TRUE,1
highlight,highlight,1,1,TRUE,1
fast,fast,1,1,TRUE,1
nothing_watching,nothing_watching,1,1,TRUE,1
daydreaming,daydreaming,1,1,TRUE,1
fantastic,fantastic,1,1,TRUE,1
peace,peace,1,1,TRUE,1
press,press,1,1,TRUE,1
puts,puts,1,1,TRUE,1
slower,slower,1,1,TRUE,1
not_job,not_job,1,1,TRUE,1
fighting,fighting,1,1,TRUE,1
loudly,loudly,1,1,TRUE,1
sims,sims,1,1,TRUE,1
sta,sta,1,1,TRUE,1
visitando,visitando,1,1,TRUE,1
stiamo,stiamo,1,1,TRUE,1
prendendo,prendendo,1,1,TRUE,1
delle,delle,1,1,TRUE,1
decisioni,decisioni,1,1,TRUE,1
assieme,assieme,1,1,TRUE,1
sto,sto,1,1,TRUE,1
cucinando,cucinando,1,1,TRUE,1
odly,odly,1,1,TRUE,1
satisfying,satisfying,1,1,TRUE,1
self,self,1,1,TRUE,1
character,character,1,1,TRUE,1
tiny,tiny,1,1,TRUE,1
depression,depression,1,1,TRUE,1
money,money,1,1,TRUE,1
dancing,dancing,1,1,TRUE,1
summer,summer,1,1,TRUE,1
fracture,fracture,1,1,TRUE,1
distrada,distrada,1,1,TRUE,1
conversamos,conversamos,1,1,TRUE,1
animadamente,animadamente,1,1,TRUE,1
nerviosa,nerviosa,1,1,TRUE,1
entered,entered,1,1,TRUE,1
dressed,dressed,1,1,TRUE,1
priest,priest,1,1,TRUE,1
visa,visa,1,1,TRUE,1
suffer,suffer,1,1,TRUE,1
describe,describe,1,1,TRUE,1
looked,looked,1,1,TRUE,1
undertake,undertake,1,1,TRUE,1
occurring,occurring,1,1,TRUE,1
presence,presence,1,1,TRUE,1
climbs,climbs,1,1,TRUE,1
conforted,conforted,1,1,TRUE,1
essay,essay,1,1,TRUE,1
glance,glance,1,1,TRUE,1
stubborn,stubborn,1,1,TRUE,1
unless,unless,1,1,TRUE,1
burned,burned,1,1,TRUE,1
red,red,1,1,TRUE,1
lunchbreal,lunchbreal,1,1,TRUE,1
theya,theya,1,1,TRUE,1
familyfriends,familyfriends,1,1,TRUE,1
bf,bf,1,1,TRUE,1
hermy,hermy,1,1,TRUE,1
split,split,1,1,TRUE,1
destination,destination,1,1,TRUE,1
omnious,omnious,1,1,TRUE,1
unwell,unwell,1,1,TRUE,1
item,item,1,1,TRUE,1
attachment,attachment,1,1,TRUE,1
effects,effects,1,1,TRUE,1
static,static,1,1,TRUE,1
electricity,electricity,1,1,TRUE,1
charged,charged,1,1,TRUE,1
object,object,1,1,TRUE,1
wrestling,wrestling,1,1,TRUE,1
typing,typing,1,1,TRUE,1
prolific,prolific,1,1,TRUE,1
excel,excel,1,1,TRUE,1
sheet,sheet,1,1,TRUE,1
gotten,gotten,1,1,TRUE,1
seduction,seduction,1,1,TRUE,1
verbally,verbally,1,1,TRUE,1
wear,wear,1,1,TRUE,1
stretching,stretching,1,1,TRUE,1
tedious,tedious,1,1,TRUE,1
revenge,revenge,1,1,TRUE,1
soccer,soccer,1,1,TRUE,1
laid,laid,1,1,TRUE,1
skero,skero,1,1,TRUE,1
asap,asap,1,1,TRUE,1
sliding,sliding,1,1,TRUE,1
frustration,frustration,1,1,TRUE,1
bbq,bbq,1,1,TRUE,1
war,war,1,1,TRUE,1
exit,exit,1,1,TRUE,1
attentive,attentive,1,1,TRUE,1
no_space,no_space,1,1,TRUE,1
fashion,fashion,1,1,TRUE,1
freaking,freaking,1,1,TRUE,1
paper,paper,1,1,TRUE,1
single,single,1,1,TRUE,1
clarification,clarification,1,1,TRUE,1
mildly,mildly,1,1,TRUE,1
f2f,f2f,1,1,TRUE,1
arriving,arriving,1,1,TRUE,1
pack,pack,1,1,TRUE,1
spa,spa,1,1,TRUE,1
chit,chit,1,1,TRUE,1
popcorn,popcorn,1,1,TRUE,1
nothing_happening,nothing_happening,1,1,TRUE,1
psychological,psychological,1,1,TRUE,1
conference,conference,1,1,TRUE,1
attempt,attempt,1,1,TRUE,1
phase,phase,1,1,TRUE,1
sweeping,sweeping,1,1,TRUE,1
secure,secure,1,1,TRUE,1
not_crowded,not_crowded,1,1,TRUE,1
deadlines,deadlines,1,1,TRUE,1
ahead,ahead,1,1,TRUE,1
dozing,dozing,1,1,TRUE,1
showask,showask,1,1,TRUE,1
warn,warn,1,1,TRUE,1
sneezing,sneezing,1,1,TRUE,1
recounting,recounting,1,1,TRUE,1
anecdote,anecdote,1,1,TRUE,1
nothing_happend,nothing_happend,1,1,TRUE,1
attract,attract,1,1,TRUE,1
bring,bring,1,1,TRUE,1
snother,snother,1,1,TRUE,1
reaching,reaching,1,1,TRUE,1
forceful,forceful,1,1,TRUE,1
carresing,carresing,1,1,TRUE,1
fall,fall,1,1,TRUE,1
airbnb,airbnb,1,1,TRUE,1
takeouts,takeouts,1,1,TRUE,1
warming,warming,1,1,TRUE,1
engage,engage,1,1,TRUE,1
fromwork,fromwork,1,1,TRUE,1
goofily,goofily,1,1,TRUE,1
slight,slight,1,1,TRUE,1
tickle,tickle,1,1,TRUE,1
completing,completing,1,1,TRUE,1
puzzle,puzzle,1,1,TRUE,1
conducting,conducting,1,1,TRUE,1
diagnosis,diagnosis,1,1,TRUE,1
leisure,leisure,1,1,TRUE,1
indifferent,indifferent,1,1,TRUE,1
discontinuous,discontinuous,1,1,TRUE,1
dog,dog,1,1,TRUE,1
scrubbing,scrubbing,1,1,TRUE,1
disposition,disposition,1,1,TRUE,1
competitive,competitive,1,1,TRUE,1
vitals,vitals,1,1,TRUE,1
vacation,vacation,1,1,TRUE,1
nearby,nearby,1,1,TRUE,1
brainstorm,brainstorm,1,1,TRUE,1
color,color,1,1,TRUE,1
surgery,surgery,1,1,TRUE,1
zoning,zoning,1,1,TRUE,1
parnet,parnet,1,1,TRUE,1
tickets,tickets,1,1,TRUE,1
droplet,droplet,1,1,TRUE,1
altercation,altercation,1,1,TRUE,1
stinging,stinging,1,1,TRUE,1
biting,biting,1,1,TRUE,1
endlessly,endlessly,1,1,TRUE,1
create,create,1,1,TRUE,1
coziness,coziness,1,1,TRUE,1
tissue,tissue,1,1,TRUE,1
scalding,scalding,1,1,TRUE,1
not_done,not_done,1,1,TRUE,1
annoyance,annoyance,1,1,TRUE,1
waiter,waiter,1,1,TRUE,1
collaborating,collaborating,1,1,TRUE,1
prior,prior,1,1,TRUE,1
intravenous,intravenous,1,1,TRUE,1
follow,follow,1,1,TRUE,1
canoodling,canoodling,1,1,TRUE,1
warmth,warmth,1,1,TRUE,1
gp,gp,1,1,TRUE,1
motivate,motivate,1,1,TRUE,1
coolly,coolly,1,1,TRUE,1
licks,licks,1,1,TRUE,1
subtle,subtle,1,1,TRUE,1
perceive,perceive,1,1,TRUE,1
expression,expression,1,1,TRUE,1
establishing,establishing,1,1,TRUE,1
aware,aware,1,1,TRUE,1
respect,respect,1,1,TRUE,1
mutual,mutual,1,1,TRUE,1
boundaries,boundaries,1,1,TRUE,1
nothing_interest_mi,nothing_interest_mi,1,1,TRUE,1
tocca,tocca,1,1,TRUE,1
al,al,1,1,TRUE,1
accarezzare,accarezzare,1,1,TRUE,1
sfrega,sfrega,1,1,TRUE,1
turned,turned,1,1,TRUE,1
towels,towels,1,1,TRUE,1
third,third,1,1,TRUE,1
homework,homework,1,1,TRUE,1
root,root,1,1,TRUE,1
not_giving,not_giving,1,1,TRUE,1
bitten,bitten,1,1,TRUE,1
itchiness,itchiness,1,1,TRUE,1
palliative,palliative,1,1,TRUE,1
decisive,decisive,1,1,TRUE,1
shake,shake,1,1,TRUE,1
pushy,pushy,1,1,TRUE,1
dismissive,dismissive,1,1,TRUE,1
throwing,throwing,1,1,TRUE,1
sittted,sittted,1,1,TRUE,1
sarcastically,sarcastically,1,1,TRUE,1
term,term,1,1,TRUE,1
crisis,crisis,1,1,TRUE,1
feedback,feedback,1,1,TRUE,1
shading,shading,1,1,TRUE,1
tear,tear,1,1,TRUE,1
kegs,kegs,1,1,TRUE,1
fingure,fingure,1,1,TRUE,1
banter,banter,1,1,TRUE,1
romantically,romantically,1,1,TRUE,1
horror,horror,1,1,TRUE,1
scolded,scolded,1,1,TRUE,1
unexpected,unexpected,1,1,TRUE,1
nothing_relevant,nothing_relevant,1,1,TRUE,1
dumped,dumped,1,1,TRUE,1
human,human,1,1,TRUE,1
learnt,learnt,1,1,TRUE,1
andor,andor,1,1,TRUE,1
goose,goose,1,1,TRUE,1
bumps,bumps,1,1,TRUE,1
drums,drums,1,1,TRUE,1
necessary,necessary,1,1,TRUE,1
observations,observations,1,1,TRUE,1
green,green,1,1,TRUE,1
not_talking,not_talking,1,1,TRUE,1
eah,eah,1,1,TRUE,1
consistent,consistent,1,1,TRUE,1
answering,answering,1,1,TRUE,1
survey,survey,1,1,TRUE,1
arund,arund,1,1,TRUE,1
circulation,circulation,1,1,TRUE,1
counselling,counselling,1,1,TRUE,1
brushed,brushed,1,1,TRUE,1
trip,trip,1,1,TRUE,1
hotel,hotel,1,1,TRUE,1
everyone,everyone,1,1,TRUE,1
mass,mass,1,1,TRUE,1
not_effective,not_effective,1,1,TRUE,1
nonetheless,nonetheless,1,1,TRUE,1
recognise,recognise,1,1,TRUE,1
period,period,1,1,TRUE,1
caring,caring,1,1,TRUE,1
not_sexual_contact,not_sexual_contact,1,1,TRUE,1
entering,entering,1,1,TRUE,1
playground,playground,1,1,TRUE,1
spiritual,spiritual,1,1,TRUE,1
mental,mental,1,1,TRUE,1
not_tries,not_tries,1,1,TRUE,1
stimulating,stimulating,1,1,TRUE,1
clitoris,clitoris,1,1,TRUE,1
swelling,swelling,1,1,TRUE,1
sunbathing,sunbathing,1,1,TRUE,1
ir,ir,1,1,TRUE,1
patch,patch,1,1,TRUE,1
unremarkable,unremarkable,1,1,TRUE,1
overthinking,overthinking,1,1,TRUE,1
folding,folding,1,1,TRUE,1
clothes,clothes,1,1,TRUE,1
fixing,fixing,1,1,TRUE,1
poin,poin,1,1,TRUE,1
colleaguework,colleaguework,1,1,TRUE,1
avoid,avoid,1,1,TRUE,1
behavior,behavior,1,1,TRUE,1
sadly,sadly,1,1,TRUE,1
overstrech,overstrech,1,1,TRUE,1
no_physical_contact,no_physical_contact,1,1,TRUE,1
hastily,hastily,1,1,TRUE,1
dar,dar,1,1,TRUE,1
matria,matria,1,1,TRUE,1
estou,estou,1,1,TRUE,1
atenta,atenta,1,1,TRUE,1
aula,aula,1,1,TRUE,1
distanciada,distanciada,1,1,TRUE,1
resmate,resmate,1,1,TRUE,1
mundo,mundo,1,1,TRUE,1
rodeia,rodeia,1,1,TRUE,1
meu,meu,1,1,TRUE,1
amigo,amigo,1,1,TRUE,1
emocionado,emocionado,1,1,TRUE,1
com,com,1,1,TRUE,1
uma,uma,1,1,TRUE,1
noticing,noticing,1,1,TRUE,1
tem,tem,1,1,TRUE,1
contar,contar,1,1,TRUE,1
sentada,sentada,1,1,TRUE,1
no_cinema,no_cinema,1,1,TRUE,1
ver,ver,1,1,TRUE,1
um,um,1,1,TRUE,1
espera,espera,1,1,TRUE,1
seja,seja,1,1,TRUE,1
servida,servida,1,1,TRUE,1
nothing_silly,nothing_silly,1,1,TRUE,1
turning,turning,1,1,TRUE,1
consolidated,consolidated,1,1,TRUE,1
barely,barely,1,1,TRUE,1
sunday,sunday,1,1,TRUE,1
means,means,1,1,TRUE,1
riding,riding,1,1,TRUE,1
reconfort,reconfort,1,1,TRUE,1
cherishing,cherishing,1,1,TRUE,1
not_way,not_way,1,1,TRUE,1
chilly,chilly,1,1,TRUE,1
ordeal,ordeal,1,1,TRUE,1
experiencing,experiencing,1,1,TRUE,1
numbness,numbness,1,1,TRUE,1
procedure,procedure,1,1,TRUE,1
entertaining,entertaining,1,1,TRUE,1
thick,thick,1,1,TRUE,1
aqm,aqm,1,1,TRUE,1
however,however,1,1,TRUE,1
not_calling,not_calling,1,1,TRUE,1
hectic,hectic,1,1,TRUE,1
sample,sample,1,1,TRUE,1
not_colleague,not_colleague,1,1,TRUE,1
relieving,relieving,1,1,TRUE,1
chair,chair,1,1,TRUE,1
elevated,elevated,1,1,TRUE,1
fight,fight,1,1,TRUE,1
literally,literally,1,1,TRUE,1
excitement,excitement,1,1,TRUE,1
romance,romance,1,1,TRUE,1
inflamed,inflamed,1,1,TRUE,1
mole,mole,1,1,TRUE,1
irregularities,irregularities,1,1,TRUE,1
supper,supper,1,1,TRUE,1
not_watching_movie,not_watching_movie,1,1,TRUE,1
quietly,quietly,1,1,TRUE,1
elicits,elicits,1,1,TRUE,1
sensitivity,sensitivity,1,1,TRUE,1
invoking,invoking,1,1,TRUE,1
surprised,surprised,1,1,TRUE,1
gas,gas,1,1,TRUE,1
heater,heater,1,1,TRUE,1
sipping,sipping,1,1,TRUE,1
hungry,hungry,1,1,TRUE,1
palcem,palcem,1,1,TRUE,1
rk,rk,1,1,TRUE,1
dziwny,dziwny,1,1,TRUE,1
sposb,sposb,1,1,TRUE,1
delikatny,delikatny,1,1,TRUE,1
askotanie,askotanie,1,1,TRUE,1
kto,kto,1,1,TRUE,1
po,po,1,1,TRUE,1
rce,rce,1,1,TRUE,1
masau,masau,1,1,TRUE,1
prba,prba,1,1,TRUE,1
wykrycia,wykrycia,1,1,TRUE,1
obolaego,obolaego,1,1,TRUE,1
miejsca,miejsca,1,1,TRUE,1
level,level,1,1,TRUE,1
sensibility,sensibility,1,1,TRUE,1
erotically,erotically,1,1,TRUE,1
receptionist,receptionist,1,1,TRUE,1
handling,handling,1,1,TRUE,1
assisting,assisting,1,1,TRUE,1
heavy,heavy,1,1,TRUE,1
lifting,lifting,1,1,TRUE,1
buried,buried,1,1,TRUE,1
wool,wool,1,1,TRUE,1
soaked,soaked,1,1,TRUE,1
agent,agent,1,1,TRUE,1
ride,ride,1,1,TRUE,1
animated,animated,1,1,TRUE,1
embrace,embrace,1,1,TRUE,1
firing,firing,1,1,TRUE,1
ailing,ailing,1,1,TRUE,1
cheek,cheek,1,1,TRUE,1
avisando,avisando,1,1,TRUE,1
algo,algo,1,1,TRUE,1
ponga,ponga,1,1,TRUE,1
atienda,atienda,1,1,TRUE,1
animado,animado,1,1,TRUE,1
consolando,consolando,1,1,TRUE,1
diciendo,diciendo,1,1,TRUE,1
palabras,palabras,1,1,TRUE,1
bonitas,bonitas,1,1,TRUE,1
especie,especie,1,1,TRUE,1
fuerte,fuerte,1,1,TRUE,1
crema,crema,1,1,TRUE,1
hacer,hacer,1,1,TRUE,1
un,un,1,1,TRUE,1
somwhere,somwhere,1,1,TRUE,1
hole,hole,1,1,TRUE,1
yoghurt,yoghurt,1,1,TRUE,1
ground,ground,1,1,TRUE,1
preschooler,preschooler,1,1,TRUE,1
susceptible,susceptible,1,1,TRUE,1
kiosk,kiosk,1,1,TRUE,1
search,search,1,1,TRUE,1
lips,lips,1,1,TRUE,1
moisturiser,moisturiser,1,1,TRUE,1
three,three,1,1,TRUE,1
congratualting,congratualting,1,1,TRUE,1
mad,mad,1,1,TRUE,1
english,english,1,1,TRUE,1
developing,developing,1,1,TRUE,1
reducing,reducing,1,1,TRUE,1
nothing_much,nothing_much,1,1,TRUE,1
feed,feed,1,1,TRUE,1
section,section,1,1,TRUE,1
relaxtrying,relaxtrying,1,1,TRUE,1
costumer,costumer,1,1,TRUE,1
tribulations,tribulations,1,1,TRUE,1
anguish,anguish,1,1,TRUE,1
soothed,soothed,1,1,TRUE,1
alongside,alongside,1,1,TRUE,1
older,older,1,1,TRUE,1
granny,granny,1,1,TRUE,1
weak,weak,1,1,TRUE,1
dark,dark,1,1,TRUE,1
praying,praying,1,1,TRUE,1
presentable,presentable,1,1,TRUE,1
fixed,fixed,1,1,TRUE,1
ankle,ankle,1,1,TRUE,1
platform,platform,1,1,TRUE,1
gossiping,gossiping,1,1,TRUE,1
birds,birds,1,1,TRUE,1
answer,answer,1,1,TRUE,1
not_equipped,not_equipped,1,1,TRUE,1
functional,functional,1,1,TRUE,1
mentioned,mentioned,1,1,TRUE,1
not_sure,not_sure,1,1,TRUE,1
wan,wan,1,1,TRUE,1
friendship,friendship,1,1,TRUE,1
ex,ex,1,1,TRUE,1
waled,waled,1,1,TRUE,1
ward,ward,1,1,TRUE,1
related,related,1,1,TRUE,1
fails,fails,1,1,TRUE,1
te,te,1,1,TRUE,1
sorryness,sorryness,1,1,TRUE,1
channel,channel,1,1,TRUE,1
tension,tension,1,1,TRUE,1
caresed,caresed,1,1,TRUE,1
grows,grows,1,1,TRUE,1
bigger,bigger,1,1,TRUE,1
fine,fine,1,1,TRUE,1
recomforted,recomforted,1,1,TRUE,1
candidly,candidly,1,1,TRUE,1
impress,impress,1,1,TRUE,1
stillness,stillness,1,1,TRUE,1
nothing_else_interrupting,nothing_else_interrupting,1,1,TRUE,1
screen,screen,1,1,TRUE,1
terrible,terrible,1,1,TRUE,1
anniversary,anniversary,1,1,TRUE,1
shock,shock,1,1,TRUE,1
rabes,rabes,1,1,TRUE,1
fully,fully,1,1,TRUE,1
breaths,breaths,1,1,TRUE,1
baking,baking,1,1,TRUE,1
cake,cake,1,1,TRUE,1
pop,pop,1,1,TRUE,1
artist,artist,1,1,TRUE,1
product,product,1,1,TRUE,1
goals,goals,1,1,TRUE,1
grandson,grandson,1,1,TRUE,1
moved,moved,1,1,TRUE,1
thyroid,thyroid,1,1,TRUE,1
shirt,shirt,1,1,TRUE,1
local,local,1,1,TRUE,1
migraines,migraines,1,1,TRUE,1
not_interested,not_interested,1,1,TRUE,1
grown,grown,1,1,TRUE,1
deliberately,deliberately,1,1,TRUE,1
adhd,adhd,1,1,TRUE,1
dmdd,dmdd,1,1,TRUE,1
flights,flights,1,1,TRUE,1
sweating,sweating,1,1,TRUE,1
bro,bro,1,1,TRUE,1
imagining,imagining,1,1,TRUE,1
someway,someway,1,1,TRUE,1
nibble,nibble,1,1,TRUE,1
giggle,giggle,1,1,TRUE,1
iv,iv,1,1,TRUE,1
inserted,inserted,1,1,TRUE,1
palpate,palpate,1,1,TRUE,1
viable,viable,1,1,TRUE,1
demonstrating,demonstrating,1,1,TRUE,1
undergoing,undergoing,1,1,TRUE,1
beauty,beauty,1,1,TRUE,1
cosmetician,cosmetician,1,1,TRUE,1
complicated,complicated,1,1,TRUE,1
aroused,aroused,1,1,TRUE,1
occasionally,occasionally,1,1,TRUE,1
funeral,funeral,1,1,TRUE,1
conciousness,conciousness,1,1,TRUE,1
latest,latest,1,1,TRUE,1
success,success,1,1,TRUE,1
confessing,confessing,1,1,TRUE,1
somekind,somekind,1,1,TRUE,1
erotic,erotic,1,1,TRUE,1
appreciation,appreciation,1,1,TRUE,1
kinda,kinda,1,1,TRUE,1
whole,whole,1,1,TRUE,1
dependent,dependent,1,1,TRUE,1
not_concentrating,not_concentrating,1,1,TRUE,1
deciding,deciding,1,1,TRUE,1
sand,sand,1,1,TRUE,1
firm,firm,1,1,TRUE,1
not_necessarily_something,not_necessarily_something,1,1,TRUE,1
disinfecting,disinfecting,1,1,TRUE,1
always,always,1,1,TRUE,1
pc,pc,1,1,TRUE,1
former,former,1,1,TRUE,1
sharply,sharply,1,1,TRUE,1
calmness,calmness,1,1,TRUE,1
horny,horny,1,1,TRUE,1
everytime,everytime,1,1,TRUE,1
dose,dose,1,1,TRUE,1
water,water,1,1,TRUE,1
position,position,1,1,TRUE,1
thorough,thorough,1,1,TRUE,1
language,language,1,1,TRUE,1
flue,flue,1,1,TRUE,1
dramatic,dramatic,1,1,TRUE,1
unknown,unknown,1,1,TRUE,1
beckons,beckons,1,1,TRUE,1
carelessly,carelessly,1,1,TRUE,1
exact,exact,1,1,TRUE,1
supportive,supportive,1,1,TRUE,1
damaged,damaged,1,1,TRUE,1
kept,kept,1,1,TRUE,1
expierences,expierences,1,1,TRUE,1
bottom,bottom,1,1,TRUE,1
confident,confident,1,1,TRUE,1
midnight,midnight,1,1,TRUE,1
spend,spend,1,1,TRUE,1
shelf,shelf,1,1,TRUE,1
embarrassing,embarrassing,1,1,TRUE,1
tic,tic,1,1,TRUE,1
belonging,belonging,1,1,TRUE,1
act,act,1,1,TRUE,1
schooldegree,schooldegree,1,1,TRUE,1
sofacouch,sofacouch,1,1,TRUE,1
no_feeling,no_feeling,1,1,TRUE,1
potrzeba,potrzeba,1,1,TRUE,1
kontakt,kontakt,1,1,TRUE,1
fizycznego,fizycznego,1,1,TRUE,1
awaken,awaken,1,1,TRUE,1
straight,straight,1,1,TRUE,1
safe,safe,1,1,TRUE,1
higher,higher,1,1,TRUE,1
affirmative,affirmative,1,1,TRUE,1
basis,basis,1,1,TRUE,1
si,si,1,1,TRUE,1
discute,discute,1,1,TRUE,1
di,di,1,1,TRUE,1
lavoro,lavoro,1,1,TRUE,1
guard,guard,1,1,TRUE,1
figlio,figlio,1,1,TRUE,1
sulla,sulla,1,1,TRUE,1
spalla,spalla,1,1,TRUE,1
impulsively,impulsively,1,1,TRUE,1
jabbing,jabbing,1,1,TRUE,1
blue,blue,1,1,TRUE,1
staff,staff,1,1,TRUE,1
pep,pep,1,1,TRUE,1
hairstyle,hairstyle,1,1,TRUE,1
consuming,consuming,1,1,TRUE,1
outcome,outcome,1,1,TRUE,1
not_stuttle,not_stuttle,1,1,TRUE,1
review,review,1,1,TRUE,1
quick,quick,1,1,TRUE,1
ugly,ugly,1,1,TRUE,1
itching,itching,1,1,TRUE,1
updating,updating,1,1,TRUE,1
abou,abou,1,1,TRUE,1
amused,amused,1,1,TRUE,1
disturbing,disturbing,1,1,TRUE,1
attraction,attraction,1,1,TRUE,1
umbrella,umbrella,1,1,TRUE,1
swimming,swimming,1,1,TRUE,1
shortly,shortly,1,1,TRUE,1
cashier,cashier,1,1,TRUE,1
hurry,hurry,1,1,TRUE,1
distressing,distressing,1,1,TRUE,1
beforehand,beforehand,1,1,TRUE,1
someting,someting,1,1,TRUE,1
advantage,advantage,1,1,TRUE,1
incident,incident,1,1,TRUE,1
arw,arw,1,1,TRUE,1
pester,pester,1,1,TRUE,1
clubbing,clubbing,1,1,TRUE,1
panicked,panicked,1,1,TRUE,1
seem,seem,1,1,TRUE,1
traumatic,traumatic,1,1,TRUE,1
become,become,1,1,TRUE,1
monitor,monitor,1,1,TRUE,1
use,use,1,1,TRUE,1
syringe,syringe,1,1,TRUE,1
nothing_concrete,nothing_concrete,1,1,TRUE,1
not_good_happened,not_good_happened,1,1,TRUE,1
example,example,1,1,TRUE,1
intend,intend,1,1,TRUE,1
bank,bank,1,1,TRUE,1
not_okay,not_okay,1,1,TRUE,1
excruciating,excruciating,1,1,TRUE,1
headache,headache,1,1,TRUE,1
slipped,slipped,1,1,TRUE,1
building,building,1,1,TRUE,1
accused,accused,1,1,TRUE,1
admonished,admonished,1,1,TRUE,1
gaining,gaining,1,1,TRUE,1
bout,bout,1,1,TRUE,1
binging,binging,1,1,TRUE,1
tending,tending,1,1,TRUE,1
cut,cut,1,1,TRUE,1
wound,wound,1,1,TRUE,1
pervert,pervert,1,1,TRUE,1
extra,extra,1,1,TRUE,1
black,black,1,1,TRUE,1
smudge,smudge,1,1,TRUE,1
forgot,forgot,1,1,TRUE,1
borrow,borrow,1,1,TRUE,1
rush,rush,1,1,TRUE,1
robbery,robbery,1,1,TRUE,1
transportation,transportation,1,1,TRUE,1
boring,boring,1,1,TRUE,1
among,among,1,1,TRUE,1
meetig,meetig,1,1,TRUE,1
programme,programme,1,1,TRUE,1
scare,scare,1,1,TRUE,1
recieve,recieve,1,1,TRUE,1
illness,illness,1,1,TRUE,1
resume,resume,1,1,TRUE,1
bits,bits,1,1,TRUE,1
badly,badly,1,1,TRUE,1
loss,loss,1,1,TRUE,1
beeing,beeing,1,1,TRUE,1
seeing,seeing,1,1,TRUE,1
evaluation,evaluation,1,1,TRUE,1
sleppy,sleppy,1,1,TRUE,1
properly,properly,1,1,TRUE,1
nothing_special,nothing_special,1,1,TRUE,1
details,details,1,1,TRUE,1
source,source,1,1,TRUE,1
early,early,1,1,TRUE,1
dragging,dragging,1,1,TRUE,1
not_feeling_well,not_feeling_well,1,1,TRUE,1
weather,weather,1,1,TRUE,1
momaunt,momaunt,1,1,TRUE,1
became,became,1,1,TRUE,1
regularly,regularly,1,1,TRUE,1
spanish,spanish,1,1,TRUE,1
shoulderback,shoulderback,1,1,TRUE,1
club,club,1,1,TRUE,1
inaudible,inaudible,1,1,TRUE,1
healthcare,healthcare,1,1,TRUE,1
onto,onto,1,1,TRUE,1
armlower,armlower,1,1,TRUE,1
legfoot,legfoot,1,1,TRUE,1
least,least,1,1,TRUE,1
lasts,lasts,1,1,TRUE,1
minimum,minimum,1,1,TRUE,1
stain,stain,1,1,TRUE,1
ink,ink,1,1,TRUE,1
marked,marked,1,1,TRUE,1
mark,mark,1,1,TRUE,1
closest,closest,1,1,TRUE,1
birthday,birthday,1,1,TRUE,1
downsad,downsad,1,1,TRUE,1
overwhelming,overwhelming,1,1,TRUE,1
amount,amount,1,1,TRUE,1
humorous,humorous,1,1,TRUE,1
leftover,leftover,1,1,TRUE,1
overly,overly,1,1,TRUE,1
apartment,apartment,1,1,TRUE,1
newborn,newborn,1,1,TRUE,1
inside,inside,1,1,TRUE,1
taken,taken,1,1,TRUE,1
dim,dim,1,1,TRUE,1
tummy,tummy,1,1,TRUE,1
bloated,bloated,1,1,TRUE,1
stiffness,stiffness,1,1,TRUE,1
inform,inform,1,1,TRUE,1
paces,paces,1,1,TRUE,1
sobbing,sobbing,1,1,TRUE,1
pacing,pacing,1,1,TRUE,1
reject,reject,1,1,TRUE,1
panic,panic,1,1,TRUE,1
grabbing,grabbing,1,1,TRUE,1
bully,bully,1,1,TRUE,1
says,says,1,1,TRUE,1
not_touching,not_touching,1,1,TRUE,1
bumpy,bumpy,1,1,TRUE,1
gave,gave,1,1,TRUE,1
ang,ang,1,1,TRUE,1
minutes,minutes,1,1,TRUE,1
heading,heading,1,1,TRUE,1
solace,solace,1,1,TRUE,1
dough,dough,1,1,TRUE,1
last,last,1,1,TRUE,1
announcing,announcing,1,1,TRUE,1
alive,alive,1,1,TRUE,1
junkie,junkie,1,1,TRUE,1
awareness,awareness,1,1,TRUE,1
signal,signal,1,1,TRUE,1
dentist,dentist,1,1,TRUE,1
major,major,1,1,TRUE,1
miss,miss,1,1,TRUE,1
underwear,underwear,1,1,TRUE,1
clit,clit,1,1,TRUE,1
continue,continue,1,1,TRUE,1
carpet,carpet,1,1,TRUE,1
accidentally,accidentally,1,1,TRUE,1
sauce,sauce,1,1,TRUE,1
hall,hall,1,1,TRUE,1
vividly,vividly,1,1,TRUE,1
treated,treated,1,1,TRUE,1
unfairly,unfairly,1,1,TRUE,1
selfishly,selfishly,1,1,TRUE,1
harsh,harsh,1,1,TRUE,1
regret,regret,1,1,TRUE,1
gate,gate,1,1,TRUE,1
hubbly,hubbly,1,1,TRUE,1
agrocery,agrocery,1,1,TRUE,1
custom,custom,1,1,TRUE,1
since,since,1,1,TRUE,1
narrow,narrow,1,1,TRUE,1
corridor,corridor,1,1,TRUE,1
complain,complain,1,1,TRUE,1
ive,ive,1,1,TRUE,1
struggling,struggling,1,1,TRUE,1
financial,financial,1,1,TRUE,1
bread,bread,1,1,TRUE,1
winner,winner,1,1,TRUE,1
assistance,assistance,1,1,TRUE,1
hence,hence,1,1,TRUE,1
pauses,pauses,1,1,TRUE,1
motion,motion,1,1,TRUE,1
complaining,complaining,1,1,TRUE,1
bursts,bursts,1,1,TRUE,1
mommy,mommy,1,1,TRUE,1
men,men,1,1,TRUE,1
slap,slap,1,1,TRUE,1
swollen,swollen,1,1,TRUE,1
germophobe,germophobe,1,1,TRUE,1
goodnight,goodnight,1,1,TRUE,1
useful,useful,1,1,TRUE,1
inane,inane,1,1,TRUE,1
gossip,gossip,1,1,TRUE,1
drops,drops,1,1,TRUE,1
shift,shift,1,1,TRUE,1
grievance,grievance,1,1,TRUE,1
observe,observe,1,1,TRUE,1
wild,wild,1,1,TRUE,1
nature,nature,1,1,TRUE,1
intent,intent,1,1,TRUE,1
fortune,fortune,1,1,TRUE,1
teller,teller,1,1,TRUE,1
real,real,1,1,TRUE,1
artificial,artificial,1,1,TRUE,1
rooted,rooted,1,1,TRUE,1
wall,wall,1,1,TRUE,1
temperaturefever,temperaturefever,1,1,TRUE,1
not_great,not_great,1,1,TRUE,1
cuz,cuz,1,1,TRUE,1
powdery,powdery,1,1,TRUE,1
worse,worse,1,1,TRUE,1
deeply,deeply,1,1,TRUE,1
pre,pre,1,1,TRUE,1
post,post,1,1,TRUE,1
recall,recall,1,1,TRUE,1
behavioural,behavioural,1,1,TRUE,1
heal,heal,1,1,TRUE,1
benefits,benefits,1,1,TRUE,1
reconnecting,reconnecting,1,1,TRUE,1
isolation,isolation,1,1,TRUE,1
barriers,barriers,1,1,TRUE,1
midst,midst,1,1,TRUE,1
dissolving,dissolving,1,1,TRUE,1
blockages,blockages,1,1,TRUE,1
numb,numb,1,1,TRUE,1
provocative,provocative,1,1,TRUE,1
knowing,knowing,1,1,TRUE,1
workrelated,workrelated,1,1,TRUE,1
chil_like,chil_like,1,1,TRUE,1
soon,soon,1,1,TRUE,1
tidy,tidy,1,1,TRUE,1
definitely,definitely,1,1,TRUE,1
knocking,knocking,1,1,TRUE,1
herhis,herhis,1,1,TRUE,1
advancing,advancing,1,1,TRUE,1
selfes,selfes,1,1,TRUE,1
browsing,browsing,1,1,TRUE,1
pushes,pushes,1,1,TRUE,1
habit,habit,1,1,TRUE,1
whenever,whenever,1,1,TRUE,1
hesitant,hesitant,1,1,TRUE,1
exercising,exercising,1,1,TRUE,1
tryna,tryna,1,1,TRUE,1
gentely,gentely,1,1,TRUE,1
une,une,1,1,TRUE,1
pointer,pointer,1,1,TRUE,1
bck,bck,1,1,TRUE,1
becuase,becuase,1,1,TRUE,1
noisy,noisy,1,1,TRUE,1
heat,heat,1,1,TRUE,1
tra,tra,1,1,TRUE,1
chce,chce,1,1,TRUE,1
zwrcic,zwrcic,1,1,TRUE,1
uwagi,uwagi,1,1,TRUE,1
stuka,stuka,1,1,TRUE,1
reke,reke,1,1,TRUE,1
bez,bez,1,1,TRUE,1
powodu,powodu,1,1,TRUE,1
mam,mam,1,1,TRUE,1
wysiadac,wysiadac,1,1,TRUE,1
pocig,pocig,1,1,TRUE,1
okazanie,okazanie,1,1,TRUE,1
czoci,czoci,1,1,TRUE,1
czce,czce,1,1,TRUE,1
zebym,zebym,1,1,TRUE,1
zwrocil,zwrocil,1,1,TRUE,1
mechaniczny,mechaniczny,1,1,TRUE,1
gran,gran,1,1,TRUE,1
liking,liking,1,1,TRUE,1
difference,difference,1,1,TRUE,1
confronting,confronting,1,1,TRUE,1
admired,admired,1,1,TRUE,1
labour,labour,1,1,TRUE,1
not_going_well,not_going_well,1,1,TRUE,1
snap,snap,1,1,TRUE,1
kidding,kidding,1,1,TRUE,1
ahe,ahe,1,1,TRUE,1
gripping,gripping,1,1,TRUE,1
frint,frint,1,1,TRUE,1
yard,yard,1,1,TRUE,1
payment,payment,1,1,TRUE,1
commuting,commuting,1,1,TRUE,1
queuing,queuing,1,1,TRUE,1
distressed,distressed,1,1,TRUE,1
attentionannoy,attentionannoy,1,1,TRUE,1
sarcastic,sarcastic,1,1,TRUE,1
discipline,discipline,1,1,TRUE,1
expectations,expectations,1,1,TRUE,1
consult,consult,1,1,TRUE,1
tennis,tennis,1,1,TRUE,1
sucking,sucking,1,1,TRUE,1
thump,thump,1,1,TRUE,1
coarse,coarse,1,1,TRUE,1
planning,planning,1,1,TRUE,1
graduation,graduation,1,1,TRUE,1
lonely,lonely,1,1,TRUE,1
insistence,insistence,1,1,TRUE,1
rainy,rainy,1,1,TRUE,1
lazy,lazy,1,1,TRUE,1
hopeless,hopeless,1,1,TRUE,1
continually,continually,1,1,TRUE,1
pounce,pounce,1,1,TRUE,1
lulls,lulls,1,1,TRUE,1
pair,pair,1,1,TRUE,1
send,send,1,1,TRUE,1
academic,academic,1,1,TRUE,1
report,report,1,1,TRUE,1
admonishing,admonishing,1,1,TRUE,1
ago,ago,1,1,TRUE,1
viewing,viewing,1,1,TRUE,1
presentation,presentation,1,1,TRUE,1
zwraca,zwraca,1,1,TRUE,1
mni,mni,1,1,TRUE,1
jacket,jacket,1,1,TRUE,1
classroom,classroom,1,1,TRUE,1
tutor,tutor,1,1,TRUE,1
trampoline,trampoline,1,1,TRUE,1
compassion,compassion,1,1,TRUE,1
defeated,defeated,1,1,TRUE,1
reminding,reminding,1,1,TRUE,1
dont,dont,1,1,TRUE,1
calmer,calmer,1,1,TRUE,1
enjoyable,enjoyable,1,1,TRUE,1
clearly,clearly,1,1,TRUE,1
besides,besides,1,1,TRUE,1
register,register,1,1,TRUE,1
lap,lap,1,1,TRUE,1
directed,directed,1,1,TRUE,1
tp,tp,1,1,TRUE,1
opportunity,opportunity,1,1,TRUE,1
sounds,sounds,1,1,TRUE,1
piano,piano,1,1,TRUE,1
timing,timing,1,1,TRUE,1
concentration,concentration,1,1,TRUE,1
correct,correct,1,1,TRUE,1
breathing,breathing,1,1,TRUE,1
routines,routines,1,1,TRUE,1
tentative,tentative,1,1,TRUE,1
temper,temper,1,1,TRUE,1
needed,needed,1,1,TRUE,1
rid,rid,1,1,TRUE,1
fat,fat,1,1,TRUE,1
contra,contra,1,1,TRUE,1
agitated,agitated,1,1,TRUE,1
not_seen,not_seen,1,1,TRUE,1
hushed,hushed,1,1,TRUE,1
tone,tone,1,1,TRUE,1
clap,clap,1,1,TRUE,1
honest,honest,1,1,TRUE,1
spontaneous,spontaneous,1,1,TRUE,1
contracture,contracture,1,1,TRUE,1
armwrist,armwrist,1,1,TRUE,1
practice,practice,1,1,TRUE,1
tocan,tocan,1,1,TRUE,1
cara,cara,1,1,TRUE,1
mejilla,mejilla,1,1,TRUE,1
izquierda,izquierda,1,1,TRUE,1
dedo,dedo,1,1,TRUE,1
repetida,repetida,1,1,TRUE,1
ocasiones,ocasiones,1,1,TRUE,1
es,es,1,1,TRUE,1
ocurre,ocurre,1,1,TRUE,1
platica,platica,1,1,TRUE,1
donde,donde,1,1,TRUE,1
llega,llega,1,1,TRUE,1
tocarme,tocarme,1,1,TRUE,1
esa,esa,1,1,TRUE,1
el,el,1,1,TRUE,1
pero,pero,1,1,TRUE,1
otra,otra,1,1,TRUE,1
cuerpo,cuerpo,1,1,TRUE,1
ointment,ointment,1,1,TRUE,1
fluttery,fluttery,1,1,TRUE,1
obtain,obtain,1,1,TRUE,1
mostly,mostly,1,1,TRUE,1
vulnerable,vulnerable,1,1,TRUE,1
emotive,emotive,1,1,TRUE,1
divorce,divorce,1,1,TRUE,1
unhealthy,unhealthy,1,1,TRUE,1
particular,particular,1,1,TRUE,1
deem,deem,1,1,TRUE,1
connection,connection,1,1,TRUE,1
megive,megive,1,1,TRUE,1
participating,participating,1,1,TRUE,1
researcher,researcher,1,1,TRUE,1
seeked,seeked,1,1,TRUE,1
official,official,1,1,TRUE,1
ceremony,ceremony,1,1,TRUE,1
ss,ss,1,1,TRUE,1
mecongratulating,mecongratulating,1,1,TRUE,1
scenario,scenario,1,1,TRUE,1
partnersomeone,partnersomeone,1,1,TRUE,1
probing,probing,1,1,TRUE,1
